event_type,payload,created_at
data_lineage,"{""table"": ""processed_training"", ""source_files"": [""C:\\Users\\DABC\\Desktop\\ai_procurment_manager\\risk_prediction_system_production_demo\\data\\processed\\merged_training.csv""]}",2025-11-01 08:44:15.522718+00:00
data_lineage,"{""table"": ""weekly_scoring"", ""source_files"": [""C:\\Users\\DABC\\Desktop\\ai_procurment_manager\\risk_prediction_system_production_demo\\data\\processed\\new_data_weekly.csv""]}",2025-11-01 08:44:15.597330+00:00
data_quality,"{""max_null_ratio"": {""supplier_id"": 0.0, ""region"": 0.0, ""industry"": 0.0, ""contract_criticality"": 0.0, ""annual_spend"": 0.0, ""credit_score"": 0.0, ""late_ratio"": 0.0, ""dispute_rate"": 0.0, ""avg_delay"": 0.0, ""clause_risk_score"": 0.0, ""risk_label"": 0.0, ""risk_score"": 0.0}, ""rules"": {""max_null_ratio"": 0.15, ""acceptable_regions"": [""North America"", ""Europe"", ""Asia-Pacific"", ""LATAM""]}, ""passed"": true}",2025-11-01 08:44:15.678612+00:00
training_dataset_prepared,"{""rows"": 5, ""feature_columns"": [""region"", ""industry"", ""contract_criticality"", ""annual_spend"", ""credit_score"", ""late_ratio"", ""dispute_rate"", ""avg_delay"", ""clause_risk_score""]}",2025-11-01 08:44:15.722543+00:00
predict_supplier_risk,"{""supplier_id"": ""S_00263"", ""score"": 1.0, ""label"": ""high"", ""modifier"": 0.2}",2025-11-01 08:54:40.537635+00:00
predict_supplier_risk,"{""supplier_id"": ""S_00115"", ""score"": 0.24, ""label"": ""low"", ""modifier"": 0.12}",2025-11-01 08:54:40.637413+00:00
predict_supplier_risk,"{""supplier_id"": ""S_00166"", ""score"": 1.0, ""label"": ""high"", ""modifier"": 0.24}",2025-11-01 08:54:40.753399+00:00
predict_supplier_risk,"{""supplier_id"": ""S_00279"", ""score"": 0.13333333333333333, ""label"": ""low"", ""modifier"": 0.08}",2025-11-01 08:54:40.965035+00:00
predict_supplier_risk,"{""supplier_id"": ""S_00294"", ""score"": 0.9199999999999999, ""label"": ""high"", ""modifier"": 0.08}",2025-11-01 08:54:41.155015+00:00
demo_pipeline_artifacts_saved,"{""records"": 300, ""weekly_records"": 300, ""numeric_features"": [""annual_revenue"", ""annual_spend"", ""avg_payment_delay_days"", ""contract_value"", ""contract_duration_months"", ""past_disputes"", ""delivery_score"", ""financial_stability_index"", ""relationship_years"", ""txn_count"", ""avg_txn_amount"", ""avg_delay"", ""late_ratio"", ""dispute_rate"", ""avg_delivery_quality"", ""clause_risk_score""]}",2025-11-01 08:54:41.226972+00:00
demo_pipeline_completed,"{""suppliers"": 300, ""transactions"": 600, ""class_labels"": [""high"", ""low"", ""medium""], ""auc_macro"": 0.891681729599604}",2025-11-01 08:54:41.259578+00:00
predict_supplier_risk,"{""supplier_id"": ""S_00128"", ""score"": 0.06666666666666667, ""label"": ""low"", ""modifier"": 0.0}",2025-11-01 09:04:13.413079+00:00
predict_supplier_risk,"{""supplier_id"": ""S_00188"", ""score"": 1.0, ""label"": ""high"", ""modifier"": 0.32}",2025-11-01 09:04:13.565951+00:00
predict_supplier_risk,"{""supplier_id"": ""S_00025"", ""score"": 0.36, ""label"": ""low"", ""modifier"": 0.0}",2025-11-01 09:04:13.761731+00:00
predict_supplier_risk,"{""supplier_id"": ""S_00207"", ""score"": 0.1, ""label"": ""low"", ""modifier"": 0.0}",2025-11-01 09:04:14.067497+00:00
predict_supplier_risk,"{""supplier_id"": ""S_00236"", ""score"": 0.10666666666666667, ""label"": ""low"", ""modifier"": 0.0}",2025-11-01 09:04:14.261858+00:00
demo_pipeline_artifacts_saved,"{""records"": 250, ""weekly_records"": 250, ""numeric_features"": [""annual_revenue"", ""annual_spend"", ""avg_payment_delay_days"", ""contract_value"", ""contract_duration_months"", ""past_disputes"", ""delivery_score"", ""financial_stability_index"", ""relationship_years"", ""txn_count"", ""avg_txn_amount"", ""avg_delay"", ""late_ratio"", ""dispute_rate"", ""avg_delivery_quality"", ""clause_risk_score""]}",2025-11-01 09:04:14.308338+00:00
demo_pipeline_completed,"{""suppliers"": 250, ""transactions"": 600, ""class_labels"": [""high"", ""low"", ""medium""], ""auc_macro"": 0.9285013273655714}",2025-11-01 09:04:14.336924+00:00
data_lineage,"{""table"": ""processed_training"", ""source_files"": [""C:\\Users\\DABC\\Desktop\\ai_procurment_manager\\risk_prediction_system_production_demo\\data\\processed\\merged_training.csv""]}",2025-11-01 09:04:14.462236+00:00
data_lineage,"{""table"": ""weekly_scoring"", ""source_files"": [""C:\\Users\\DABC\\Desktop\\ai_procurment_manager\\risk_prediction_system_production_demo\\data\\processed\\new_data_weekly.csv""]}",2025-11-01 09:04:14.484891+00:00
data_quality,"{""max_null_ratio"": {""supplier_id"": 0.0, ""company_name"": 0.0, ""region"": 0.0, ""industry"": 0.0, ""annual_revenue"": 0.0, ""annual_spend"": 0.0, ""avg_payment_delay_days"": 0.0, ""contract_value"": 0.0, ""contract_duration_months"": 0.0, ""past_disputes"": 0.0, ""delivery_score"": 0.0, ""financial_stability_index"": 0.0, ""relationship_years"": 0.0, ""contract_criticality"": 0.0, ""credit_score"": 0.0, ""created_ts"": 0.0, ""txn_count"": 0.0, ""avg_txn_amount"": 0.0, ""avg_delay"": 0.0, ""late_ratio"": 0.0, ""dispute_rate"": 0.0, ""avg_delivery_quality"": 0.0, ""contract_text"": 0.0, ""clause_risk_score"": 0.0, ""risk_score"": 0.0, ""risk_label"": 0.0}, ""rules"": {""max_null_ratio"": 0.15, ""acceptable_regions"": [""North America"", ""Europe"", ""Asia-Pacific"", ""LATAM""]}, ""passed"": true}",2025-11-01 09:04:14.532262+00:00
training_dataset_prepared,"{""rows"": 250, ""feature_columns"": [""region"", ""industry"", ""contract_criticality"", ""annual_spend"", ""credit_score"", ""late_ratio"", ""dispute_rate"", ""avg_delay"", ""clause_risk_score""]}",2025-11-01 09:04:14.569727+00:00
model_trained,"{""model"": ""random_forest"", ""best_params"": {""bootstrap"": true, ""ccp_alpha"": 0.0, ""class_weight"": null, ""criterion"": ""gini"", ""max_depth"": null, ""max_features"": ""sqrt"", ""max_leaf_nodes"": null, ""max_samples"": null, ""min_impurity_decrease"": 0.0, ""min_samples_leaf"": 1, ""min_samples_split"": 2, ""min_weight_fraction_leaf"": 0.0, ""monotonic_cst"": null, ""n_estimators"": 200, ""n_jobs"": null, ""oob_score"": false, ""random_state"": 42, ""verbose"": 0, ""warm_start"": false}, ""macro_f1"": 0.4844173441734417}",2025-11-01 09:04:27.570178+00:00
predict_single,"{""model"": ""random_forest"", ""prediction"": ""high"", ""prob_high"": 0.85}",2025-11-01 09:04:28.221703+00:00
predict_supplier_risk,"{""supplier_id"": ""S_00001"", ""score"": 1.0, ""label"": ""high"", ""modifier"": 0.2}",2025-11-01 09:04:28.718594+00:00
data_lineage,"{""table"": ""processed_training"", ""source_files"": [""C:\\Users\\DABC\\Desktop\\ai_procurment_manager\\risk_prediction_system_production_demo\\data\\processed\\merged_training.csv""]}",2025-11-01 09:04:28.843899+00:00
data_lineage,"{""table"": ""weekly_scoring"", ""source_files"": [""C:\\Users\\DABC\\Desktop\\ai_procurment_manager\\risk_prediction_system_production_demo\\data\\processed\\new_data_weekly.csv""]}",2025-11-01 09:04:28.899798+00:00
data_quality,"{""max_null_ratio"": {""supplier_id"": 0.0, ""company_name"": 0.0, ""region"": 0.0, ""industry"": 0.0, ""annual_revenue"": 0.0, ""annual_spend"": 0.0, ""avg_payment_delay_days"": 0.0, ""contract_value"": 0.0, ""contract_duration_months"": 0.0, ""past_disputes"": 0.0, ""delivery_score"": 0.0, ""financial_stability_index"": 0.0, ""relationship_years"": 0.0, ""contract_criticality"": 0.0, ""credit_score"": 0.0, ""created_ts"": 0.0, ""txn_count"": 0.0, ""avg_txn_amount"": 0.0, ""avg_delay"": 0.0, ""late_ratio"": 0.0, ""dispute_rate"": 0.0, ""avg_delivery_quality"": 0.0, ""contract_text"": 0.0, ""clause_risk_score"": 0.0, ""risk_score"": 0.0, ""risk_label"": 0.0}, ""rules"": {""max_null_ratio"": 0.15, ""acceptable_regions"": [""North America"", ""Europe"", ""Asia-Pacific"", ""LATAM""]}, ""passed"": true}",2025-11-01 09:04:28.979907+00:00
predict_supplier_risk,"{""supplier_id"": null, ""score"": 1.0, ""label"": ""high"", ""modifier"": 0.32}",2025-11-01 09:17:30.822223+00:00
predict_supplier_risk,"{""supplier_id"": null, ""score"": 0.18, ""label"": ""low"", ""modifier"": 0.0}",2025-11-01 09:17:31.341834+00:00
predict_supplier_risk,"{""supplier_id"": ""S_00362"", ""score"": 0.20666666666666667, ""label"": ""low"", ""modifier"": 0.12}",2025-11-01 09:28:24.598760+00:00
predict_supplier_risk,"{""supplier_id"": ""S_00074"", ""score"": 0.88, ""label"": ""high"", ""modifier"": 0.08}",2025-11-01 09:28:24.883204+00:00
predict_supplier_risk,"{""supplier_id"": ""S_00375"", ""score"": 0.20666666666666667, ""label"": ""low"", ""modifier"": 0.08}",2025-11-01 09:28:25.031712+00:00
predict_supplier_risk,"{""supplier_id"": ""S_00156"", ""score"": 0.20666666666666667, ""label"": ""low"", ""modifier"": 0.12}",2025-11-01 09:28:25.151558+00:00
predict_supplier_risk,"{""supplier_id"": ""S_00105"", ""score"": 0.2, ""label"": ""low"", ""modifier"": 0.12}",2025-11-01 09:28:25.263279+00:00
demo_pipeline_artifacts_saved,"{""records"": 500, ""weekly_records"": 500, ""numeric_features"": [""annual_revenue"", ""annual_spend"", ""avg_payment_delay_days"", ""contract_value"", ""contract_duration_months"", ""past_disputes"", ""delivery_score"", ""financial_stability_index"", ""relationship_years"", ""txn_count"", ""avg_txn_amount"", ""avg_delay"", ""late_ratio"", ""dispute_rate"", ""avg_delivery_quality"", ""clause_risk_score""]}",2025-11-01 09:28:25.298253+00:00
demo_pipeline_completed,"{""suppliers"": 500, ""transactions"": 800, ""class_labels"": [""high"", ""low"", ""medium""], ""auc_macro"": 0.9160551485885122}",2025-11-01 09:28:25.317763+00:00
predict_supplier_risk,"{""supplier_id"": ""S_00362"", ""score"": 0.20666666666666667, ""label"": ""low"", ""modifier"": 0.12}",2025-11-01 10:05:48.935052+00:00
predict_supplier_risk,"{""supplier_id"": ""S_00074"", ""score"": 0.88, ""label"": ""high"", ""modifier"": 0.08}",2025-11-01 10:05:48.977059+00:00
predict_supplier_risk,"{""supplier_id"": ""S_00375"", ""score"": 0.20666666666666667, ""label"": ""low"", ""modifier"": 0.08}",2025-11-01 10:05:49.014495+00:00
predict_supplier_risk,"{""supplier_id"": ""S_00156"", ""score"": 0.20666666666666667, ""label"": ""low"", ""modifier"": 0.12}",2025-11-01 10:05:49.051873+00:00
predict_supplier_risk,"{""supplier_id"": ""S_00105"", ""score"": 0.2, ""label"": ""low"", ""modifier"": 0.12}",2025-11-01 10:05:49.089993+00:00
demo_pipeline_artifacts_saved,"{""records"": 500, ""weekly_records"": 500, ""numeric_features"": [""annual_revenue"", ""annual_spend"", ""avg_payment_delay_days"", ""contract_value"", ""contract_duration_months"", ""past_disputes"", ""delivery_score"", ""financial_stability_index"", ""relationship_years"", ""txn_count"", ""avg_txn_amount"", ""avg_delay"", ""late_ratio"", ""dispute_rate"", ""avg_delivery_quality"", ""clause_risk_score""]}",2025-11-01 10:05:49.104215+00:00
demo_pipeline_completed,"{""suppliers"": 500, ""transactions"": 800, ""class_labels"": [""high"", ""low"", ""medium""], ""auc_macro"": 0.9160551485885122}",2025-11-01 10:05:49.114720+00:00
predict_supplier_risk,"{""supplier_id"": ""S_05119"", ""score"": 0.08, ""label"": ""low"", ""modifier"": 0.08}",2025-11-01 22:08:58.063700+00:00
predict_supplier_risk,"{""supplier_id"": ""S_08932"", ""score"": 0.08, ""label"": ""low"", ""modifier"": 0.08}",2025-11-01 22:08:58.519716+00:00
predict_supplier_risk,"{""supplier_id"": ""S_08516"", ""score"": 0.1, ""label"": ""low"", ""modifier"": 0.08}",2025-11-01 22:08:58.864453+00:00
predict_supplier_risk,"{""supplier_id"": ""S_07283"", ""score"": 0.02, ""label"": ""low"", ""modifier"": 0.0}",2025-11-01 22:08:59.159605+00:00
predict_supplier_risk,"{""supplier_id"": ""S_07624"", ""score"": 0.18666666666666665, ""label"": ""low"", ""modifier"": 0.12}",2025-11-01 22:08:59.456987+00:00
demo_pipeline_artifacts_saved,"{""records"": 10500, ""weekly_records"": 10500, ""numeric_features"": [""annual_revenue"", ""annual_spend"", ""avg_payment_delay_days"", ""contract_value"", ""contract_duration_months"", ""past_disputes"", ""delivery_score"", ""financial_stability_index"", ""relationship_years"", ""txn_count"", ""avg_txn_amount"", ""avg_delay"", ""late_ratio"", ""dispute_rate"", ""avg_delivery_quality"", ""clause_risk_score""]}",2025-11-01 22:08:59.837463+00:00
demo_pipeline_completed,"{""suppliers"": 10500, ""transactions"": 5000, ""class_labels"": [""high"", ""low"", ""medium""], ""auc_macro"": 0.9993826024041418}",2025-11-01 22:09:00.125389+00:00
data_lineage,"{""table"": ""processed_training"", ""source_files"": [""C:\\Users\\DABC\\Desktop\\ai_procurment_manager\\risk_prediction_system_production_demo\\data\\processed\\merged_training.csv""]}",2025-11-01 23:27:48.836122+00:00
data_lineage,"{""table"": ""weekly_scoring"", ""source_files"": [""C:\\Users\\DABC\\Desktop\\ai_procurment_manager\\risk_prediction_system_production_demo\\data\\processed\\new_data_weekly.csv""]}",2025-11-01 23:27:49.599667+00:00
data_quality,"{""max_null_ratio"": {""supplier_id"": 0.0, ""company_name"": 0.0, ""region"": 0.0, ""industry"": 0.0, ""annual_revenue"": 0.0, ""annual_spend"": 0.0, ""avg_payment_delay_days"": 0.0, ""contract_value"": 0.0, ""contract_duration_months"": 0.0, ""past_disputes"": 0.0, ""delivery_score"": 0.0, ""financial_stability_index"": 0.0, ""relationship_years"": 0.0, ""contract_criticality"": 0.0, ""credit_score"": 0.0, ""created_ts"": 0.0, ""txn_count"": 0.0, ""avg_txn_amount"": 0.0, ""avg_delay"": 0.0, ""late_ratio"": 0.0, ""dispute_rate"": 0.0, ""avg_delivery_quality"": 0.0, ""contract_text"": 0.0, ""clause_risk_score"": 0.0, ""risk_score"": 0.0, ""risk_label"": 0.0}, ""rules"": {""max_null_ratio"": 0.15, ""acceptable_regions"": [""North America"", ""Europe"", ""Asia-Pacific"", ""LATAM""]}, ""passed"": true}",2025-11-01 23:27:50.501374+00:00
data_quality,"{""max_null_ratio"": {""supplier_id"": 0.0, ""company_name"": 0.0, ""region"": 0.0, ""industry"": 0.0, ""annual_revenue"": 0.0, ""annual_spend"": 0.0, ""avg_payment_delay_days"": 0.0, ""contract_value"": 0.0, ""contract_duration_months"": 0.0, ""past_disputes"": 0.0, ""delivery_score"": 0.0, ""financial_stability_index"": 0.0, ""relationship_years"": 0.0, ""contract_criticality"": 0.0, ""credit_score"": 0.0, ""created_ts"": 0.0, ""txn_count"": 0.0, ""avg_txn_amount"": 0.0, ""avg_delay"": 0.0, ""late_ratio"": 0.0, ""dispute_rate"": 0.0, ""avg_delivery_quality"": 0.0, ""contract_text"": 0.0, ""clause_risk_score"": 0.0, ""risk_score"": 0.0, ""risk_label"": 0.0}, ""rules"": {""max_null_ratio"": 0.15, ""acceptable_regions"": [""North America"", ""Europe"", ""Asia-Pacific"", ""LATAM""]}, ""passed"": true}",2025-11-01 23:27:51.054774+00:00
data_lineage,"{""table"": ""processed_training"", ""source_files"": [""C:\\Users\\DABC\\Desktop\\ai_procurment_manager\\risk_prediction_system_production_demo\\data\\processed\\merged_training.csv""]}",2025-11-01 23:33:27.419741+00:00
data_lineage,"{""table"": ""weekly_scoring"", ""source_files"": [""C:\\Users\\DABC\\Desktop\\ai_procurment_manager\\risk_prediction_system_production_demo\\data\\processed\\new_data_weekly.csv""]}",2025-11-01 23:33:27.815785+00:00
data_quality,"{""max_null_ratio"": {""supplier_id"": 0.0, ""company_name"": 0.0, ""region"": 0.0, ""industry"": 0.0, ""annual_revenue"": 0.0, ""annual_spend"": 0.0, ""avg_payment_delay_days"": 0.0, ""contract_value"": 0.0, ""contract_duration_months"": 0.0, ""past_disputes"": 0.0, ""delivery_score"": 0.0, ""financial_stability_index"": 0.0, ""relationship_years"": 0.0, ""contract_criticality"": 0.0, ""credit_score"": 0.0, ""created_ts"": 0.0, ""txn_count"": 0.0, ""avg_txn_amount"": 0.0, ""avg_delay"": 0.0, ""late_ratio"": 0.0, ""dispute_rate"": 0.0, ""avg_delivery_quality"": 0.0, ""contract_text"": 0.0, ""clause_risk_score"": 0.0, ""risk_score"": 0.0, ""risk_label"": 0.0}, ""rules"": {""max_null_ratio"": 0.15, ""acceptable_regions"": [""North America"", ""Europe"", ""Asia-Pacific"", ""LATAM""]}, ""passed"": true}",2025-11-01 23:33:28.465499+00:00
training_dataset_prepared,"{""rows"": 10500, ""feature_columns"": [""region"", ""industry"", ""contract_criticality"", ""annual_spend"", ""credit_score"", ""late_ratio"", ""dispute_rate"", ""avg_delay"", ""clause_risk_score""]}",2025-11-01 23:33:29.176137+00:00
model_trained,"{""model"": ""random_forest"", ""best_params"": {""bootstrap"": true, ""ccp_alpha"": 0.0, ""class_weight"": null, ""criterion"": ""gini"", ""max_depth"": 10, ""max_features"": ""sqrt"", ""max_leaf_nodes"": null, ""max_samples"": null, ""min_impurity_decrease"": 0.0, ""min_samples_leaf"": 1, ""min_samples_split"": 2, ""min_weight_fraction_leaf"": 0.0, ""monotonic_cst"": null, ""n_estimators"": 300, ""n_jobs"": null, ""oob_score"": false, ""random_state"": 42, ""verbose"": 0, ""warm_start"": false}, ""macro_f1"": 0.6266885220100604}",2025-11-01 23:34:06.112980+00:00
data_lineage,"{""table"": ""processed_training"", ""source_files"": [""C:\\Users\\DABC\\Desktop\\ai_procurment_manager\\risk_prediction_system_production_demo\\data\\processed\\merged_training.csv""]}",2025-11-01 23:42:30.632704+00:00
data_lineage,"{""table"": ""weekly_scoring"", ""source_files"": [""C:\\Users\\DABC\\Desktop\\ai_procurment_manager\\risk_prediction_system_production_demo\\data\\processed\\new_data_weekly.csv""]}",2025-11-01 23:42:31.197068+00:00
data_quality,"{""max_null_ratio"": {""supplier_id"": 0.0, ""company_name"": 0.0, ""region"": 0.0, ""industry"": 0.0, ""annual_revenue"": 0.0, ""annual_spend"": 0.0, ""avg_payment_delay_days"": 0.0, ""contract_value"": 0.0, ""contract_duration_months"": 0.0, ""past_disputes"": 0.0, ""delivery_score"": 0.0, ""financial_stability_index"": 0.0, ""relationship_years"": 0.0, ""contract_criticality"": 0.0, ""credit_score"": 0.0, ""created_ts"": 0.0, ""txn_count"": 0.0, ""avg_txn_amount"": 0.0, ""avg_delay"": 0.0, ""late_ratio"": 0.0, ""dispute_rate"": 0.0, ""avg_delivery_quality"": 0.0, ""contract_text"": 0.0, ""clause_risk_score"": 0.0, ""risk_score"": 0.0, ""risk_label"": 0.0}, ""rules"": {""max_null_ratio"": 0.15, ""acceptable_regions"": [""North America"", ""Europe"", ""Asia-Pacific"", ""LATAM""]}, ""passed"": true}",2025-11-01 23:42:31.897235+00:00
training_dataset_prepared,"{""rows"": 10500, ""feature_columns"": [""region"", ""industry"", ""contract_criticality"", ""annual_spend"", ""credit_score"", ""late_ratio"", ""dispute_rate"", ""avg_delay"", ""clause_risk_score""]}",2025-11-01 23:42:32.503413+00:00
model_trained,"{""model"": ""random_forest"", ""best_params"": {""bootstrap"": true, ""ccp_alpha"": 0.0, ""class_weight"": null, ""criterion"": ""gini"", ""max_depth"": 10, ""max_features"": ""sqrt"", ""max_leaf_nodes"": null, ""max_samples"": null, ""min_impurity_decrease"": 0.0, ""min_samples_leaf"": 1, ""min_samples_split"": 2, ""min_weight_fraction_leaf"": 0.0, ""monotonic_cst"": null, ""n_estimators"": 300, ""n_jobs"": null, ""oob_score"": false, ""random_state"": 42, ""verbose"": 0, ""warm_start"": false}, ""macro_f1"": 0.6266885220100604}",2025-11-01 23:42:57.670188+00:00
predict_single,"{""model"": ""random_forest"", ""prediction"": ""medium"", ""prob_high"": 0.2830606573638727}",2025-11-01 23:53:14.622273+00:00
predict_single,"{""model"": ""random_forest"", ""prediction"": ""medium"", ""prob_high"": 0.2830606573638727}",2025-11-01 23:53:46.725744+00:00
data_lineage,"{""table"": ""processed_training"", ""source_files"": [""C:\\Users\\DABC\\Desktop\\ai_procurment_manager\\risk_prediction_system_production_demo\\data\\processed\\merged_training.csv""]}",2025-11-01 23:58:30.105820+00:00
data_lineage,"{""table"": ""weekly_scoring"", ""source_files"": [""C:\\Users\\DABC\\Desktop\\ai_procurment_manager\\risk_prediction_system_production_demo\\data\\processed\\new_data_weekly.csv""]}",2025-11-01 23:58:30.714929+00:00
data_quality,"{""max_null_ratio"": {""supplier_id"": 0.0, ""company_name"": 0.0, ""region"": 0.0, ""industry"": 0.0, ""annual_revenue"": 0.0, ""annual_spend"": 0.0, ""avg_payment_delay_days"": 0.0, ""contract_value"": 0.0, ""contract_duration_months"": 0.0, ""past_disputes"": 0.0, ""delivery_score"": 0.0, ""financial_stability_index"": 0.0, ""relationship_years"": 0.0, ""contract_criticality"": 0.0, ""credit_score"": 0.0, ""created_ts"": 0.0, ""txn_count"": 0.0, ""avg_txn_amount"": 0.0, ""avg_delay"": 0.0, ""late_ratio"": 0.0, ""dispute_rate"": 0.0, ""avg_delivery_quality"": 0.0, ""contract_text"": 0.0, ""clause_risk_score"": 0.0, ""risk_score"": 0.0, ""risk_label"": 0.0}, ""rules"": {""max_null_ratio"": 0.15, ""acceptable_regions"": [""North America"", ""Europe"", ""Asia-Pacific"", ""LATAM""]}, ""passed"": true}",2025-11-01 23:58:31.386935+00:00
training_dataset_prepared,"{""rows"": 10500, ""feature_columns"": [""region"", ""industry"", ""contract_criticality"", ""annual_spend"", ""credit_score"", ""late_ratio"", ""dispute_rate"", ""avg_delay"", ""clause_risk_score""]}",2025-11-01 23:58:31.851188+00:00
data_lineage,"{""table"": ""processed_training"", ""source_files"": [""C:\\Users\\DABC\\Desktop\\ai_procurment_manager\\risk_prediction_system_production_demo\\data\\processed\\merged_training.csv""]}",2025-11-01 23:59:04.598406+00:00
data_lineage,"{""table"": ""weekly_scoring"", ""source_files"": [""C:\\Users\\DABC\\Desktop\\ai_procurment_manager\\risk_prediction_system_production_demo\\data\\processed\\new_data_weekly.csv""]}",2025-11-01 23:59:05.061651+00:00
data_quality,"{""max_null_ratio"": {""supplier_id"": 0.0, ""company_name"": 0.0, ""region"": 0.0, ""industry"": 0.0, ""annual_revenue"": 0.0, ""annual_spend"": 0.0, ""avg_payment_delay_days"": 0.0, ""contract_value"": 0.0, ""contract_duration_months"": 0.0, ""past_disputes"": 0.0, ""delivery_score"": 0.0, ""financial_stability_index"": 0.0, ""relationship_years"": 0.0, ""contract_criticality"": 0.0, ""credit_score"": 0.0, ""created_ts"": 0.0, ""txn_count"": 0.0, ""avg_txn_amount"": 0.0, ""avg_delay"": 0.0, ""late_ratio"": 0.0, ""dispute_rate"": 0.0, ""avg_delivery_quality"": 0.0, ""contract_text"": 0.0, ""clause_risk_score"": 0.0, ""risk_score"": 0.0, ""risk_label"": 0.0}, ""rules"": {""max_null_ratio"": 0.15, ""acceptable_regions"": [""North America"", ""Europe"", ""Asia-Pacific"", ""LATAM""]}, ""passed"": true}",2025-11-01 23:59:05.604688+00:00
training_dataset_prepared,"{""rows"": 10500, ""feature_columns"": [""region"", ""industry"", ""contract_criticality"", ""annual_spend"", ""credit_score"", ""late_ratio"", ""dispute_rate"", ""avg_delay"", ""clause_risk_score""]}",2025-11-01 23:59:06.401663+00:00
data_lineage,"{""table"": ""processed_training"", ""source_files"": [""C:\\Users\\DABC\\Desktop\\ai_procurment_manager\\risk_prediction_system_production_demo\\data\\processed\\merged_training.csv""]}",2025-11-02 00:00:14.209375+00:00
data_lineage,"{""table"": ""weekly_scoring"", ""source_files"": [""C:\\Users\\DABC\\Desktop\\ai_procurment_manager\\risk_prediction_system_production_demo\\data\\processed\\new_data_weekly.csv""]}",2025-11-02 00:00:14.669561+00:00
data_quality,"{""max_null_ratio"": {""supplier_id"": 0.0, ""company_name"": 0.0, ""region"": 0.0, ""industry"": 0.0, ""annual_revenue"": 0.0, ""annual_spend"": 0.0, ""avg_payment_delay_days"": 0.0, ""contract_value"": 0.0, ""contract_duration_months"": 0.0, ""past_disputes"": 0.0, ""delivery_score"": 0.0, ""financial_stability_index"": 0.0, ""relationship_years"": 0.0, ""contract_criticality"": 0.0, ""credit_score"": 0.0, ""created_ts"": 0.0, ""txn_count"": 0.0, ""avg_txn_amount"": 0.0, ""avg_delay"": 0.0, ""late_ratio"": 0.0, ""dispute_rate"": 0.0, ""avg_delivery_quality"": 0.0, ""contract_text"": 0.0, ""clause_risk_score"": 0.0, ""risk_score"": 0.0, ""risk_label"": 0.0}, ""rules"": {""max_null_ratio"": 0.15, ""acceptable_regions"": [""North America"", ""Europe"", ""Asia-Pacific"", ""LATAM""]}, ""passed"": true}",2025-11-02 00:00:15.297054+00:00
training_dataset_prepared,"{""rows"": 10500, ""feature_columns"": [""region"", ""industry"", ""contract_criticality"", ""annual_spend"", ""credit_score"", ""late_ratio"", ""dispute_rate"", ""avg_delay"", ""clause_risk_score""]}",2025-11-02 00:00:15.971993+00:00
data_lineage,"{""table"": ""processed_training"", ""source_files"": [""C:\\Users\\DABC\\Desktop\\ai_procurment_manager\\risk_prediction_system_production_demo\\data\\processed\\merged_training.csv""]}",2025-11-02 00:02:37.397602+00:00
data_lineage,"{""table"": ""weekly_scoring"", ""source_files"": [""C:\\Users\\DABC\\Desktop\\ai_procurment_manager\\risk_prediction_system_production_demo\\data\\processed\\new_data_weekly.csv""]}",2025-11-02 00:02:38.004226+00:00
data_quality,"{""max_null_ratio"": {""supplier_id"": 0.0, ""company_name"": 0.0, ""region"": 0.0, ""industry"": 0.0, ""annual_revenue"": 0.0, ""annual_spend"": 0.0, ""avg_payment_delay_days"": 0.0, ""contract_value"": 0.0, ""contract_duration_months"": 0.0, ""past_disputes"": 0.0, ""delivery_score"": 0.0, ""financial_stability_index"": 0.0, ""relationship_years"": 0.0, ""contract_criticality"": 0.0, ""credit_score"": 0.0, ""created_ts"": 0.0, ""txn_count"": 0.0, ""avg_txn_amount"": 0.0, ""avg_delay"": 0.0, ""late_ratio"": 0.0, ""dispute_rate"": 0.0, ""avg_delivery_quality"": 0.0, ""contract_text"": 0.0, ""clause_risk_score"": 0.0, ""risk_score"": 0.0, ""risk_label"": 0.0}, ""rules"": {""max_null_ratio"": 0.15, ""acceptable_regions"": [""North America"", ""Europe"", ""Asia-Pacific"", ""LATAM""]}, ""passed"": true}",2025-11-02 00:02:38.363391+00:00
training_dataset_prepared,"{""rows"": 10500, ""feature_columns"": [""region"", ""industry"", ""contract_criticality"", ""annual_spend"", ""credit_score"", ""late_ratio"", ""dispute_rate"", ""avg_delay"", ""clause_risk_score""]}",2025-11-02 00:02:38.904684+00:00
data_lineage,"{""table"": ""processed_training"", ""source_files"": [""C:\\Users\\DABC\\Desktop\\ai_procurment_manager\\risk_prediction_system_production_demo\\data\\processed\\merged_training.csv""]}",2025-11-02 00:04:12.834740+00:00
data_lineage,"{""table"": ""weekly_scoring"", ""source_files"": [""C:\\Users\\DABC\\Desktop\\ai_procurment_manager\\risk_prediction_system_production_demo\\data\\processed\\new_data_weekly.csv""]}",2025-11-02 00:04:13.142692+00:00
data_quality,"{""max_null_ratio"": {""supplier_id"": 0.0, ""company_name"": 0.0, ""region"": 0.0, ""industry"": 0.0, ""annual_revenue"": 0.0, ""annual_spend"": 0.0, ""avg_payment_delay_days"": 0.0, ""contract_value"": 0.0, ""contract_duration_months"": 0.0, ""past_disputes"": 0.0, ""delivery_score"": 0.0, ""financial_stability_index"": 0.0, ""relationship_years"": 0.0, ""contract_criticality"": 0.0, ""credit_score"": 0.0, ""created_ts"": 0.0, ""txn_count"": 0.0, ""avg_txn_amount"": 0.0, ""avg_delay"": 0.0, ""late_ratio"": 0.0, ""dispute_rate"": 0.0, ""avg_delivery_quality"": 0.0, ""contract_text"": 0.0, ""clause_risk_score"": 0.0, ""risk_score"": 0.0, ""risk_label"": 0.0}, ""rules"": {""max_null_ratio"": 0.15, ""acceptable_regions"": [""North America"", ""Europe"", ""Asia-Pacific"", ""LATAM""]}, ""passed"": true}",2025-11-02 00:04:13.612427+00:00
training_dataset_prepared,"{""rows"": 10500, ""feature_columns"": [""region"", ""industry"", ""contract_criticality"", ""annual_spend"", ""credit_score"", ""late_ratio"", ""dispute_rate"", ""avg_delay"", ""clause_risk_score""]}",2025-11-02 00:04:14.361462+00:00
predict_single,"{""model"": ""random_forest"", ""prediction"": ""low"", ""prob_high"": 0.04832874454055368}",2025-11-02 00:04:15.013644+00:00
data_lineage,"{""table"": ""processed_training"", ""source_files"": [""C:\\Users\\DABC\\Desktop\\ai_procurment_manager\\risk_prediction_system_production_demo\\data\\processed\\merged_training.csv""]}",2025-11-02 00:05:01.005805+00:00
data_lineage,"{""table"": ""weekly_scoring"", ""source_files"": [""C:\\Users\\DABC\\Desktop\\ai_procurment_manager\\risk_prediction_system_production_demo\\data\\processed\\new_data_weekly.csv""]}",2025-11-02 00:05:01.502203+00:00
data_quality,"{""max_null_ratio"": {""supplier_id"": 0.0, ""company_name"": 0.0, ""region"": 0.0, ""industry"": 0.0, ""annual_revenue"": 0.0, ""annual_spend"": 0.0, ""avg_payment_delay_days"": 0.0, ""contract_value"": 0.0, ""contract_duration_months"": 0.0, ""past_disputes"": 0.0, ""delivery_score"": 0.0, ""financial_stability_index"": 0.0, ""relationship_years"": 0.0, ""contract_criticality"": 0.0, ""credit_score"": 0.0, ""created_ts"": 0.0, ""txn_count"": 0.0, ""avg_txn_amount"": 0.0, ""avg_delay"": 0.0, ""late_ratio"": 0.0, ""dispute_rate"": 0.0, ""avg_delivery_quality"": 0.0, ""contract_text"": 0.0, ""clause_risk_score"": 0.0, ""risk_score"": 0.0, ""risk_label"": 0.0}, ""rules"": {""max_null_ratio"": 0.15, ""acceptable_regions"": [""North America"", ""Europe"", ""Asia-Pacific"", ""LATAM""]}, ""passed"": true}",2025-11-02 00:05:02.139351+00:00
training_dataset_prepared,"{""rows"": 10500, ""feature_columns"": [""region"", ""industry"", ""contract_criticality"", ""annual_spend"", ""credit_score"", ""late_ratio"", ""dispute_rate"", ""avg_delay"", ""clause_risk_score""]}",2025-11-02 00:05:02.835474+00:00
predict_single,"{""model"": ""random_forest"", ""prediction"": ""low"", ""prob_high"": 0.04832874454055368}",2025-11-02 00:05:03.728917+00:00
data_lineage,"{""table"": ""processed_training"", ""source_files"": [""C:\\Users\\DABC\\Desktop\\ai_procurment_manager\\risk_prediction_system_production_demo\\data\\processed\\merged_training.csv""]}",2025-11-02 00:05:36.850294+00:00
data_lineage,"{""table"": ""weekly_scoring"", ""source_files"": [""C:\\Users\\DABC\\Desktop\\ai_procurment_manager\\risk_prediction_system_production_demo\\data\\processed\\new_data_weekly.csv""]}",2025-11-02 00:05:37.146705+00:00
data_quality,"{""max_null_ratio"": {""supplier_id"": 0.0, ""company_name"": 0.0, ""region"": 0.0, ""industry"": 0.0, ""annual_revenue"": 0.0, ""annual_spend"": 0.0, ""avg_payment_delay_days"": 0.0, ""contract_value"": 0.0, ""contract_duration_months"": 0.0, ""past_disputes"": 0.0, ""delivery_score"": 0.0, ""financial_stability_index"": 0.0, ""relationship_years"": 0.0, ""contract_criticality"": 0.0, ""credit_score"": 0.0, ""created_ts"": 0.0, ""txn_count"": 0.0, ""avg_txn_amount"": 0.0, ""avg_delay"": 0.0, ""late_ratio"": 0.0, ""dispute_rate"": 0.0, ""avg_delivery_quality"": 0.0, ""contract_text"": 0.0, ""clause_risk_score"": 0.0, ""risk_score"": 0.0, ""risk_label"": 0.0}, ""rules"": {""max_null_ratio"": 0.15, ""acceptable_regions"": [""North America"", ""Europe"", ""Asia-Pacific"", ""LATAM""]}, ""passed"": true}",2025-11-02 00:05:37.560294+00:00
training_dataset_prepared,"{""rows"": 10500, ""feature_columns"": [""region"", ""industry"", ""contract_criticality"", ""annual_spend"", ""credit_score"", ""late_ratio"", ""dispute_rate"", ""avg_delay"", ""clause_risk_score""]}",2025-11-02 00:05:37.901028+00:00
predict_single,"{""model"": ""random_forest"", ""prediction"": ""low"", ""prob_high"": 0.04832874454055368}",2025-11-02 00:05:38.574262+00:00
data_lineage,"{""table"": ""processed_training"", ""source_files"": [""C:\\Users\\DABC\\Desktop\\ai_procurment_manager\\risk_prediction_system_production_demo\\data\\processed\\merged_training.csv""]}",2025-11-02 00:06:12.612298+00:00
data_lineage,"{""table"": ""weekly_scoring"", ""source_files"": [""C:\\Users\\DABC\\Desktop\\ai_procurment_manager\\risk_prediction_system_production_demo\\data\\processed\\new_data_weekly.csv""]}",2025-11-02 00:06:12.868824+00:00
data_quality,"{""max_null_ratio"": {""supplier_id"": 0.0, ""company_name"": 0.0, ""region"": 0.0, ""industry"": 0.0, ""annual_revenue"": 0.0, ""annual_spend"": 0.0, ""avg_payment_delay_days"": 0.0, ""contract_value"": 0.0, ""contract_duration_months"": 0.0, ""past_disputes"": 0.0, ""delivery_score"": 0.0, ""financial_stability_index"": 0.0, ""relationship_years"": 0.0, ""contract_criticality"": 0.0, ""credit_score"": 0.0, ""created_ts"": 0.0, ""txn_count"": 0.0, ""avg_txn_amount"": 0.0, ""avg_delay"": 0.0, ""late_ratio"": 0.0, ""dispute_rate"": 0.0, ""avg_delivery_quality"": 0.0, ""contract_text"": 0.0, ""clause_risk_score"": 0.0, ""risk_score"": 0.0, ""risk_label"": 0.0}, ""rules"": {""max_null_ratio"": 0.15, ""acceptable_regions"": [""North America"", ""Europe"", ""Asia-Pacific"", ""LATAM""]}, ""passed"": true}",2025-11-02 00:06:13.196439+00:00
training_dataset_prepared,"{""rows"": 10500, ""feature_columns"": [""region"", ""industry"", ""contract_criticality"", ""annual_spend"", ""credit_score"", ""late_ratio"", ""dispute_rate"", ""avg_delay"", ""clause_risk_score""]}",2025-11-02 00:06:13.742492+00:00
predict_single,"{""model"": ""random_forest"", ""prediction"": ""low"", ""prob_high"": 0.04832874454055368}",2025-11-02 00:06:14.644748+00:00
explainability_narrative,"{""risk_level"": ""low"", ""confidence"": 72.38, ""top_features"": [[""categorical__region_Asia-Pacific"", 0.0], [""categorical__region_Europe"", 0.0], [""categorical__region_LATAM"", 0.0], [""categorical__region_North America"", 0.0], [""categorical__industry_Biotech"", 0.0]], ""prompt_length"": 340}",2025-11-02 00:06:14.982689+00:00
data_lineage,"{""table"": ""processed_training"", ""source_files"": [""C:\\Users\\DABC\\Desktop\\ai_procurment_manager\\risk_prediction_system_production_demo\\data\\processed\\merged_training.csv""]}",2025-11-02 00:13:14.098098+00:00
data_lineage,"{""table"": ""weekly_scoring"", ""source_files"": [""C:\\Users\\DABC\\Desktop\\ai_procurment_manager\\risk_prediction_system_production_demo\\data\\processed\\new_data_weekly.csv""]}",2025-11-02 00:13:14.379118+00:00
data_quality,"{""max_null_ratio"": {""supplier_id"": 0.0, ""company_name"": 0.0, ""region"": 0.0, ""industry"": 0.0, ""annual_revenue"": 0.0, ""annual_spend"": 0.0, ""avg_payment_delay_days"": 0.0, ""contract_value"": 0.0, ""contract_duration_months"": 0.0, ""past_disputes"": 0.0, ""delivery_score"": 0.0, ""financial_stability_index"": 0.0, ""relationship_years"": 0.0, ""contract_criticality"": 0.0, ""credit_score"": 0.0, ""created_ts"": 0.0, ""txn_count"": 0.0, ""avg_txn_amount"": 0.0, ""avg_delay"": 0.0, ""late_ratio"": 0.0, ""dispute_rate"": 0.0, ""avg_delivery_quality"": 0.0, ""contract_text"": 0.0, ""clause_risk_score"": 0.0, ""risk_score"": 0.0, ""risk_label"": 0.0}, ""rules"": {""max_null_ratio"": 0.15, ""acceptable_regions"": [""North America"", ""Europe"", ""Asia-Pacific"", ""LATAM""]}, ""passed"": true}",2025-11-02 00:13:14.797602+00:00
training_dataset_prepared,"{""rows"": 10500, ""feature_columns"": [""region"", ""industry"", ""contract_criticality"", ""annual_spend"", ""credit_score"", ""late_ratio"", ""dispute_rate"", ""avg_delay"", ""clause_risk_score""]}",2025-11-02 00:13:15.411281+00:00
predict_single,"{""model"": ""random_forest"", ""prediction"": ""low"", ""prob_high"": 0.04832874454055368}",2025-11-02 00:13:16.465338+00:00
explainability_narrative,"{""risk_level"": ""low"", ""confidence"": 72.38, ""top_features"": [[""categorical__region_Asia-Pacific"", 0.0], [""categorical__region_Europe"", 0.0], [""categorical__region_LATAM"", 0.0], [""categorical__region_North America"", 0.0], [""categorical__industry_Biotech"", 0.0]], ""prompt_length"": 340}",2025-11-02 00:13:16.801278+00:00
data_lineage,"{""table"": ""processed_training"", ""source_files"": [""C:\\Users\\DABC\\Desktop\\ai_procurment_manager\\risk_prediction_system_production_demo\\data\\processed\\merged_training.csv""]}",2025-11-02 00:13:31.759530+00:00
data_lineage,"{""table"": ""weekly_scoring"", ""source_files"": [""C:\\Users\\DABC\\Desktop\\ai_procurment_manager\\risk_prediction_system_production_demo\\data\\processed\\new_data_weekly.csv""]}",2025-11-02 00:13:32.293514+00:00
data_quality,"{""max_null_ratio"": {""supplier_id"": 0.0, ""company_name"": 0.0, ""region"": 0.0, ""industry"": 0.0, ""annual_revenue"": 0.0, ""annual_spend"": 0.0, ""avg_payment_delay_days"": 0.0, ""contract_value"": 0.0, ""contract_duration_months"": 0.0, ""past_disputes"": 0.0, ""delivery_score"": 0.0, ""financial_stability_index"": 0.0, ""relationship_years"": 0.0, ""contract_criticality"": 0.0, ""credit_score"": 0.0, ""created_ts"": 0.0, ""txn_count"": 0.0, ""avg_txn_amount"": 0.0, ""avg_delay"": 0.0, ""late_ratio"": 0.0, ""dispute_rate"": 0.0, ""avg_delivery_quality"": 0.0, ""contract_text"": 0.0, ""clause_risk_score"": 0.0, ""risk_score"": 0.0, ""risk_label"": 0.0}, ""rules"": {""max_null_ratio"": 0.15, ""acceptable_regions"": [""North America"", ""Europe"", ""Asia-Pacific"", ""LATAM""]}, ""passed"": true}",2025-11-02 00:13:33.025707+00:00
training_dataset_prepared,"{""rows"": 10500, ""feature_columns"": [""region"", ""industry"", ""contract_criticality"", ""annual_spend"", ""credit_score"", ""late_ratio"", ""dispute_rate"", ""avg_delay"", ""clause_risk_score""]}",2025-11-02 00:13:33.691304+00:00
predict_single,"{""model"": ""random_forest"", ""prediction"": ""low"", ""prob_high"": 0.04832874454055368}",2025-11-02 00:13:34.665998+00:00
explainability_narrative,"{""risk_level"": ""low"", ""confidence"": 72.38, ""top_features"": [[""categorical__region_Asia-Pacific"", 0.0], [""categorical__region_Europe"", 0.0], [""categorical__region_LATAM"", 0.0], [""categorical__region_North America"", 0.0], [""categorical__industry_Biotech"", 0.0]], ""prompt_length"": 340}",2025-11-02 00:13:34.987929+00:00
data_lineage,"{""table"": ""processed_training"", ""source_files"": [""C:\\Users\\DABC\\Desktop\\ai_procurment_manager\\risk_prediction_system_production_demo\\data\\processed\\merged_training.csv""]}",2025-11-02 00:18:29.483057+00:00
data_lineage,"{""table"": ""weekly_scoring"", ""source_files"": [""C:\\Users\\DABC\\Desktop\\ai_procurment_manager\\risk_prediction_system_production_demo\\data\\processed\\new_data_weekly.csv""]}",2025-11-02 00:18:29.607923+00:00
data_quality,"{""max_null_ratio"": {""supplier_id"": 0.0, ""company_name"": 0.0, ""region"": 0.0, ""industry"": 0.0, ""annual_revenue"": 0.0, ""annual_spend"": 0.0, ""avg_payment_delay_days"": 0.0, ""contract_value"": 0.0, ""contract_duration_months"": 0.0, ""past_disputes"": 0.0, ""delivery_score"": 0.0, ""financial_stability_index"": 0.0, ""relationship_years"": 0.0, ""contract_criticality"": 0.0, ""credit_score"": 0.0, ""created_ts"": 0.0, ""txn_count"": 0.0, ""avg_txn_amount"": 0.0, ""avg_delay"": 0.0, ""late_ratio"": 0.0, ""dispute_rate"": 0.0, ""avg_delivery_quality"": 0.0, ""contract_text"": 0.0, ""clause_risk_score"": 0.0, ""risk_score"": 0.0, ""risk_label"": 0.0}, ""rules"": {""max_null_ratio"": 0.15, ""acceptable_regions"": [""North America"", ""Europe"", ""Asia-Pacific"", ""LATAM""]}, ""passed"": true}",2025-11-02 00:18:29.863662+00:00
training_dataset_prepared,"{""rows"": 10500, ""feature_columns"": [""region"", ""industry"", ""contract_criticality"", ""annual_spend"", ""credit_score"", ""late_ratio"", ""dispute_rate"", ""avg_delay"", ""clause_risk_score""]}",2025-11-02 00:18:30.008526+00:00
predict_single,"{""model"": ""random_forest"", ""prediction"": ""low"", ""prob_high"": 0.04832874454055368}",2025-11-02 00:18:30.385639+00:00
explainability_narrative,"{""risk_level"": ""low"", ""confidence"": 72.38, ""top_features"": [[""categorical__region_Asia-Pacific"", 0.0], [""categorical__region_Europe"", 0.0], [""categorical__region_LATAM"", 0.0], [""categorical__region_North America"", 0.0], [""categorical__industry_Biotech"", 0.0]], ""prompt_length"": 340}",2025-11-02 00:18:30.503531+00:00
data_lineage,"{""table"": ""processed_training"", ""source_files"": [""C:\\Users\\DABC\\Desktop\\ai_procurment_manager\\risk_prediction_system_production_demo\\data\\processed\\merged_training.csv""]}",2025-11-02 00:20:16.143202+00:00
data_lineage,"{""table"": ""weekly_scoring"", ""source_files"": [""C:\\Users\\DABC\\Desktop\\ai_procurment_manager\\risk_prediction_system_production_demo\\data\\processed\\new_data_weekly.csv""]}",2025-11-02 00:20:16.747813+00:00
data_quality,"{""max_null_ratio"": {""supplier_id"": 0.0, ""company_name"": 0.0, ""region"": 0.0, ""industry"": 0.0, ""annual_revenue"": 0.0, ""annual_spend"": 0.0, ""avg_payment_delay_days"": 0.0, ""contract_value"": 0.0, ""contract_duration_months"": 0.0, ""past_disputes"": 0.0, ""delivery_score"": 0.0, ""financial_stability_index"": 0.0, ""relationship_years"": 0.0, ""contract_criticality"": 0.0, ""credit_score"": 0.0, ""created_ts"": 0.0, ""txn_count"": 0.0, ""avg_txn_amount"": 0.0, ""avg_delay"": 0.0, ""late_ratio"": 0.0, ""dispute_rate"": 0.0, ""avg_delivery_quality"": 0.0, ""contract_text"": 0.0, ""clause_risk_score"": 0.0, ""risk_score"": 0.0, ""risk_label"": 0.0}, ""rules"": {""max_null_ratio"": 0.15, ""acceptable_regions"": [""North America"", ""Europe"", ""Asia-Pacific"", ""LATAM""]}, ""passed"": true}",2025-11-02 00:20:16.892328+00:00
training_dataset_prepared,"{""rows"": 10500, ""feature_columns"": [""region"", ""industry"", ""contract_criticality"", ""annual_spend"", ""credit_score"", ""late_ratio"", ""dispute_rate"", ""avg_delay"", ""clause_risk_score""]}",2025-11-02 00:20:17.043658+00:00
predict_single,"{""model"": ""random_forest"", ""prediction"": ""low"", ""prob_high"": 0.04832874454055368}",2025-11-02 00:20:17.437105+00:00
explainability_narrative,"{""risk_level"": ""low"", ""confidence"": 72.38, ""top_features"": [[""categorical__region_Asia-Pacific"", 0.0], [""categorical__region_Europe"", 0.0], [""categorical__region_LATAM"", 0.0], [""categorical__region_North America"", 0.0], [""categorical__industry_Biotech"", 0.0]], ""prompt_length"": 340}",2025-11-02 00:20:17.554465+00:00
data_lineage,"{""table"": ""processed_training"", ""source_files"": [""C:\\Users\\DABC\\Desktop\\ai_procurment_manager\\risk_prediction_system_production_demo\\data\\processed\\merged_training.csv""]}",2025-11-02 00:23:38.297277+00:00
data_lineage,"{""table"": ""weekly_scoring"", ""source_files"": [""C:\\Users\\DABC\\Desktop\\ai_procurment_manager\\risk_prediction_system_production_demo\\data\\processed\\new_data_weekly.csv""]}",2025-11-02 00:23:38.410680+00:00
data_quality,"{""max_null_ratio"": {""supplier_id"": 0.0, ""company_name"": 0.0, ""region"": 0.0, ""industry"": 0.0, ""annual_revenue"": 0.0, ""annual_spend"": 0.0, ""avg_payment_delay_days"": 0.0, ""contract_value"": 0.0, ""contract_duration_months"": 0.0, ""past_disputes"": 0.0, ""delivery_score"": 0.0, ""financial_stability_index"": 0.0, ""relationship_years"": 0.0, ""contract_criticality"": 0.0, ""credit_score"": 0.0, ""created_ts"": 0.0, ""txn_count"": 0.0, ""avg_txn_amount"": 0.0, ""avg_delay"": 0.0, ""late_ratio"": 0.0, ""dispute_rate"": 0.0, ""avg_delivery_quality"": 0.0, ""contract_text"": 0.0, ""clause_risk_score"": 0.0, ""risk_score"": 0.0, ""risk_label"": 0.0}, ""rules"": {""max_null_ratio"": 0.15, ""acceptable_regions"": [""North America"", ""Europe"", ""Asia-Pacific"", ""LATAM""]}, ""passed"": true}",2025-11-02 00:23:38.559241+00:00
training_dataset_prepared,"{""rows"": 10500, ""feature_columns"": [""region"", ""industry"", ""contract_criticality"", ""annual_spend"", ""credit_score"", ""late_ratio"", ""dispute_rate"", ""avg_delay"", ""clause_risk_score""]}",2025-11-02 00:23:38.821527+00:00
predict_single,"{""model"": ""random_forest"", ""prediction"": ""low"", ""prob_high"": 0.04832874454055368}",2025-11-02 00:23:39.194949+00:00
explainability_narrative,"{""risk_level"": ""low"", ""confidence"": 72.38, ""top_features"": [[""categorical__region_Asia-Pacific"", 0.0], [""categorical__region_Europe"", 0.0], [""categorical__region_LATAM"", 0.0], [""categorical__region_North America"", 0.0], [""categorical__industry_Biotech"", 0.0]], ""prompt_length"": 340}",2025-11-02 00:23:39.333130+00:00
data_lineage,"{""table"": ""processed_training"", ""source_files"": [""C:\\Users\\DABC\\Desktop\\ai_procurment_manager\\risk_prediction_system_production_demo\\data\\processed\\merged_training.csv""]}",2025-11-02 00:25:49.818368+00:00
data_lineage,"{""table"": ""weekly_scoring"", ""source_files"": [""C:\\Users\\DABC\\Desktop\\ai_procurment_manager\\risk_prediction_system_production_demo\\data\\processed\\new_data_weekly.csv""]}",2025-11-02 00:25:49.951737+00:00
data_quality,"{""max_null_ratio"": {""supplier_id"": 0.0, ""company_name"": 0.0, ""region"": 0.0, ""industry"": 0.0, ""annual_revenue"": 0.0, ""annual_spend"": 0.0, ""avg_payment_delay_days"": 0.0, ""contract_value"": 0.0, ""contract_duration_months"": 0.0, ""past_disputes"": 0.0, ""delivery_score"": 0.0, ""financial_stability_index"": 0.0, ""relationship_years"": 0.0, ""contract_criticality"": 0.0, ""credit_score"": 0.0, ""created_ts"": 0.0, ""txn_count"": 0.0, ""avg_txn_amount"": 0.0, ""avg_delay"": 0.0, ""late_ratio"": 0.0, ""dispute_rate"": 0.0, ""avg_delivery_quality"": 0.0, ""contract_text"": 0.0, ""clause_risk_score"": 0.0, ""risk_score"": 0.0, ""risk_label"": 0.0}, ""rules"": {""max_null_ratio"": 0.15, ""acceptable_regions"": [""North America"", ""Europe"", ""Asia-Pacific"", ""LATAM""]}, ""passed"": true}",2025-11-02 00:25:50.214059+00:00
training_dataset_prepared,"{""rows"": 10500, ""feature_columns"": [""region"", ""industry"", ""contract_criticality"", ""annual_spend"", ""credit_score"", ""late_ratio"", ""dispute_rate"", ""avg_delay"", ""clause_risk_score""]}",2025-11-02 00:25:50.353382+00:00
predict_single,"{""model"": ""random_forest"", ""prediction"": ""low"", ""prob_high"": 0.04832874454055368}",2025-11-02 00:25:50.597415+00:00
explainability_narrative,"{""risk_level"": ""low"", ""confidence"": 72.38, ""top_features"": [[""categorical__region_Asia-Pacific"", 0.0], [""categorical__region_Europe"", 0.0], [""categorical__region_LATAM"", 0.0], [""categorical__region_North America"", 0.0], [""categorical__industry_Biotech"", 0.0]], ""prompt_length"": 340}",2025-11-02 00:25:50.706870+00:00
data_lineage,"{""table"": ""processed_training"", ""source_files"": [""C:\\Users\\DABC\\Desktop\\ai_procurment_manager\\risk_prediction_system_production_demo\\data\\processed\\merged_training.csv""]}",2025-11-02 00:26:48.537370+00:00
data_lineage,"{""table"": ""weekly_scoring"", ""source_files"": [""C:\\Users\\DABC\\Desktop\\ai_procurment_manager\\risk_prediction_system_production_demo\\data\\processed\\new_data_weekly.csv""]}",2025-11-02 00:26:48.769790+00:00
data_quality,"{""max_null_ratio"": {""supplier_id"": 0.0, ""company_name"": 0.0, ""region"": 0.0, ""industry"": 0.0, ""annual_revenue"": 0.0, ""annual_spend"": 0.0, ""avg_payment_delay_days"": 0.0, ""contract_value"": 0.0, ""contract_duration_months"": 0.0, ""past_disputes"": 0.0, ""delivery_score"": 0.0, ""financial_stability_index"": 0.0, ""relationship_years"": 0.0, ""contract_criticality"": 0.0, ""credit_score"": 0.0, ""created_ts"": 0.0, ""txn_count"": 0.0, ""avg_txn_amount"": 0.0, ""avg_delay"": 0.0, ""late_ratio"": 0.0, ""dispute_rate"": 0.0, ""avg_delivery_quality"": 0.0, ""contract_text"": 0.0, ""clause_risk_score"": 0.0, ""risk_score"": 0.0, ""risk_label"": 0.0}, ""rules"": {""max_null_ratio"": 0.15, ""acceptable_regions"": [""North America"", ""Europe"", ""Asia-Pacific"", ""LATAM""]}, ""passed"": true}",2025-11-02 00:26:48.916416+00:00
training_dataset_prepared,"{""rows"": 10500, ""feature_columns"": [""region"", ""industry"", ""contract_criticality"", ""annual_spend"", ""credit_score"", ""late_ratio"", ""dispute_rate"", ""avg_delay"", ""clause_risk_score""]}",2025-11-02 00:26:49.051294+00:00
predict_single,"{""model"": ""random_forest"", ""prediction"": ""low"", ""prob_high"": 0.04832874454055368}",2025-11-02 00:26:49.313043+00:00
explainability_narrative,"{""risk_level"": ""low"", ""confidence"": 72.38, ""top_features"": [[""categorical__region_Asia-Pacific"", 0.0], [""categorical__region_Europe"", 0.0], [""categorical__region_LATAM"", 0.0], [""categorical__region_North America"", 0.0], [""categorical__industry_Biotech"", 0.0]], ""prompt_length"": 340}",2025-11-02 00:26:49.547406+00:00
contract_summary,"{""risk_count"": 2, ""text_length"": 191}",2025-11-02 00:31:47.441057+00:00
contract_qna,"{""question"": ""What happens if deliveries are late?"", ""answer"": ""Unable to process question with offline models."", ""score"": 0.0}",2025-11-02 00:31:56.918396+00:00
contract_summary,"{""risk_count"": 2, ""text_length"": 191}",2025-11-02 00:33:15.840448+00:00
data_lineage,"{""table"": ""processed_training"", ""source_files"": [""C:\\Users\\DABC\\Desktop\\ai_procurment_manager\\risk_prediction_system_production_demo\\data\\processed\\merged_training.csv""]}",2025-11-02 00:34:48.552524+00:00
data_lineage,"{""table"": ""weekly_scoring"", ""source_files"": [""C:\\Users\\DABC\\Desktop\\ai_procurment_manager\\risk_prediction_system_production_demo\\data\\processed\\new_data_weekly.csv""]}",2025-11-02 00:34:48.683107+00:00
data_quality,"{""max_null_ratio"": {""supplier_id"": 0.0, ""company_name"": 0.0, ""region"": 0.0, ""industry"": 0.0, ""annual_revenue"": 0.0, ""annual_spend"": 0.0, ""avg_payment_delay_days"": 0.0, ""contract_value"": 0.0, ""contract_duration_months"": 0.0, ""past_disputes"": 0.0, ""delivery_score"": 0.0, ""financial_stability_index"": 0.0, ""relationship_years"": 0.0, ""contract_criticality"": 0.0, ""credit_score"": 0.0, ""created_ts"": 0.0, ""txn_count"": 0.0, ""avg_txn_amount"": 0.0, ""avg_delay"": 0.0, ""late_ratio"": 0.0, ""dispute_rate"": 0.0, ""avg_delivery_quality"": 0.0, ""contract_text"": 0.0, ""clause_risk_score"": 0.0, ""risk_score"": 0.0, ""risk_label"": 0.0, ""snapshot_week"": 0.0}, ""rules"": {""max_null_ratio"": 0.15, ""acceptable_regions"": [""North America"", ""Europe"", ""Asia-Pacific"", ""LATAM""]}, ""passed"": true}",2025-11-02 00:34:48.840692+00:00
weekly_dataset_loaded,"{""rows"": 10500}",2025-11-02 00:34:48.968241+00:00
batch_scoring,"{""label_distribution"": {""high"": 3306, ""low"": 2063, ""medium"": 5131}, ""model"": ""random_forest"", ""rows"": 10500}",2025-11-02 00:34:54.365795+00:00
alerts_generated,"{""count"": 2531, ""threshold"": 0.6}",2025-11-02 00:34:54.849162+00:00
data_lineage,"{""table"": ""processed_training"", ""source_files"": [""C:\\Users\\DABC\\Desktop\\ai_procurment_manager\\risk_prediction_system_production_demo\\data\\processed\\merged_training.csv""]}",2025-11-02 00:35:16.944187+00:00
data_lineage,"{""table"": ""weekly_scoring"", ""source_files"": [""C:\\Users\\DABC\\Desktop\\ai_procurment_manager\\risk_prediction_system_production_demo\\data\\processed\\new_data_weekly.csv""]}",2025-11-02 00:35:17.060953+00:00
data_quality,"{""max_null_ratio"": {""supplier_id"": 0.0, ""company_name"": 0.0, ""region"": 0.0, ""industry"": 0.0, ""annual_revenue"": 0.0, ""annual_spend"": 0.0, ""avg_payment_delay_days"": 0.0, ""contract_value"": 0.0, ""contract_duration_months"": 0.0, ""past_disputes"": 0.0, ""delivery_score"": 0.0, ""financial_stability_index"": 0.0, ""relationship_years"": 0.0, ""contract_criticality"": 0.0, ""credit_score"": 0.0, ""created_ts"": 0.0, ""txn_count"": 0.0, ""avg_txn_amount"": 0.0, ""avg_delay"": 0.0, ""late_ratio"": 0.0, ""dispute_rate"": 0.0, ""avg_delivery_quality"": 0.0, ""contract_text"": 0.0, ""clause_risk_score"": 0.0, ""risk_score"": 0.0, ""risk_label"": 0.0, ""snapshot_week"": 0.0}, ""rules"": {""max_null_ratio"": 0.15, ""acceptable_regions"": [""North America"", ""Europe"", ""Asia-Pacific"", ""LATAM""]}, ""passed"": true}",2025-11-02 00:35:17.202430+00:00
weekly_dataset_loaded,"{""rows"": 10500}",2025-11-02 00:35:17.324609+00:00
batch_scoring,"{""label_distribution"": {""high"": 3306, ""low"": 2063, ""medium"": 5131}, ""model"": ""random_forest"", ""rows"": 10500}",2025-11-02 00:35:18.070845+00:00
alerts_generated,"{""count"": 2531, ""threshold"": 0.6}",2025-11-02 00:35:18.372749+00:00
data_lineage,"{""table"": ""processed_training"", ""source_files"": [""C:\\Users\\DABC\\Desktop\\ai_procurment_manager\\risk_prediction_system_production_demo\\data\\processed\\merged_training.csv""]}",2025-11-02 00:36:26.315559+00:00
data_lineage,"{""table"": ""weekly_scoring"", ""source_files"": [""C:\\Users\\DABC\\Desktop\\ai_procurment_manager\\risk_prediction_system_production_demo\\data\\processed\\new_data_weekly.csv""]}",2025-11-02 00:36:26.564133+00:00
data_quality,"{""max_null_ratio"": {""supplier_id"": 0.0, ""company_name"": 0.0, ""region"": 0.0, ""industry"": 0.0, ""annual_revenue"": 0.0, ""annual_spend"": 0.0, ""avg_payment_delay_days"": 0.0, ""contract_value"": 0.0, ""contract_duration_months"": 0.0, ""past_disputes"": 0.0, ""delivery_score"": 0.0, ""financial_stability_index"": 0.0, ""relationship_years"": 0.0, ""contract_criticality"": 0.0, ""credit_score"": 0.0, ""created_ts"": 0.0, ""txn_count"": 0.0, ""avg_txn_amount"": 0.0, ""avg_delay"": 0.0, ""late_ratio"": 0.0, ""dispute_rate"": 0.0, ""avg_delivery_quality"": 0.0, ""contract_text"": 0.0, ""clause_risk_score"": 0.0, ""risk_score"": 0.0, ""risk_label"": 0.0}, ""rules"": {""max_null_ratio"": 0.15, ""acceptable_regions"": [""North America"", ""Europe"", ""Asia-Pacific"", ""LATAM""]}, ""passed"": true}",2025-11-02 00:36:26.715553+00:00
data_lineage,"{""table"": ""training_notebook_demo"", ""source_files"": [""data/processed/merged_training.csv""]}",2025-11-02 00:36:26.835254+00:00
data_lineage,"{""table"": ""processed_training"", ""source_files"": [""C:\\Users\\DABC\\Desktop\\ai_procurment_manager\\risk_prediction_system_production_demo\\data\\processed\\merged_training.csv""]}",2025-11-02 01:01:05.675469+00:00
data_lineage,"{""table"": ""weekly_scoring"", ""source_files"": [""C:\\Users\\DABC\\Desktop\\ai_procurment_manager\\risk_prediction_system_production_demo\\data\\processed\\new_data_weekly.csv""]}",2025-11-02 01:01:05.799069+00:00
data_quality,"{""max_null_ratio"": {""supplier_id"": 0.0, ""company_name"": 0.0, ""region"": 0.0, ""industry"": 0.0, ""annual_revenue"": 0.0, ""annual_spend"": 0.0, ""avg_payment_delay_days"": 0.0, ""contract_value"": 0.0, ""contract_duration_months"": 0.0, ""past_disputes"": 0.0, ""delivery_score"": 0.0, ""financial_stability_index"": 0.0, ""relationship_years"": 0.0, ""contract_criticality"": 0.0, ""credit_score"": 0.0, ""created_ts"": 0.0, ""txn_count"": 0.0, ""avg_txn_amount"": 0.0, ""avg_delay"": 0.0, ""late_ratio"": 0.0, ""dispute_rate"": 0.0, ""avg_delivery_quality"": 0.0, ""contract_text"": 0.0, ""clause_risk_score"": 0.0, ""risk_score"": 0.0, ""risk_label"": 0.0}, ""rules"": {""max_null_ratio"": 0.15, ""acceptable_regions"": [""North America"", ""Europe"", ""Asia-Pacific"", ""LATAM""]}, ""passed"": true}",2025-11-02 01:01:05.952615+00:00
training_dataset_prepared,"{""rows"": 10500, ""feature_columns"": [""region"", ""industry"", ""contract_criticality"", ""annual_spend"", ""credit_score"", ""late_ratio"", ""dispute_rate"", ""avg_delay"", ""clause_risk_score""]}",2025-11-02 01:01:06.088962+00:00
predict_single,"{""model"": ""random_forest"", ""prediction"": ""low"", ""prob_high"": 0.04832874454055368}",2025-11-02 01:01:06.354147+00:00
explainability_narrative,"{""risk_level"": ""low"", ""confidence"": 72.38, ""top_features"": [[""categorical__region_Asia-Pacific"", 0.0], [""categorical__region_Europe"", 0.0], [""categorical__region_LATAM"", 0.0], [""categorical__region_North America"", 0.0], [""categorical__industry_Biotech"", 0.0]], ""prompt_length"": 340}",2025-11-02 01:01:06.481575+00:00
data_quality,"{""max_null_ratio"": {""a"": 0.0}, ""rules"": {""max_null_ratio"": 0.15, ""acceptable_regions"": [""North America"", ""Europe"", ""Asia-Pacific"", ""LATAM""]}, ""passed"": true}",2025-11-02 02:27:52.699843+00:00
data_quality,"{""max_null_ratio"": {""a"": 0.0}, ""rules"": {""max_null_ratio"": 0.15, ""acceptable_regions"": [""North America"", ""Europe"", ""Asia-Pacific"", ""LATAM""]}, ""passed"": true}",2025-11-02 02:32:36.922273+00:00
predict_single,"{""model"": ""random_forest"", ""prediction"": ""low"", ""prob_high"": 0.19598765161015075}",2025-11-02 02:58:16.829882+00:00
predict_single,"{""model"": ""random_forest"", ""prediction"": ""low"", ""prob_high"": 0.19598765161015075}",2025-11-02 02:58:18.128126+00:00
explainability_narrative,"{""risk_level"": ""low"", ""confidence"": 49.37, ""top_features"": [[""categorical__region_Asia-Pacific"", 0.0], [""categorical__region_Europe"", 0.0], [""categorical__region_LATAM"", 0.0], [""categorical__region_North America"", 0.0], [""categorical__industry_Biotech"", 0.0]], ""prompt_length"": 340}",2025-11-02 02:58:21.479683+00:00
explainability_narrative,"{""risk_level"": ""low"", ""confidence"": 49.37, ""top_features"": [[""categorical__region_Asia-Pacific"", 0.0], [""categorical__region_Europe"", 0.0], [""categorical__region_LATAM"", 0.0], [""categorical__region_North America"", 0.0], [""categorical__industry_Biotech"", 0.0]], ""prompt_length"": 340}",2025-11-02 02:58:22.964177+00:00
predict_single,"{""model"": ""random_forest"", ""prediction"": ""low"", ""prob_high"": 0.19598765161015075}",2025-11-02 02:58:23.361811+00:00
explainability_narrative,"{""risk_level"": ""low"", ""confidence"": 49.37, ""top_features"": [[""categorical__region_Asia-Pacific"", 0.0], [""categorical__region_Europe"", 0.0], [""categorical__region_LATAM"", 0.0], [""categorical__region_North America"", 0.0], [""categorical__industry_Biotech"", 0.0]], ""prompt_length"": 340}",2025-11-02 02:58:35.862716+00:00
predict_supplier_risk,"{""supplier_id"": ""S_00084"", ""score"": 0.9266666666666666, ""label"": ""high"", ""modifier"": 0.08}",2025-11-02 04:46:14.151965+00:00
predict_supplier_risk,"{""supplier_id"": ""S_00054"", ""score"": 1.0, ""label"": ""high"", ""modifier"": 0.2}",2025-11-02 04:46:15.456385+00:00
predict_supplier_risk,"{""supplier_id"": ""S_00071"", ""score"": 0.23333333333333334, ""label"": ""low"", ""modifier"": 0.08}",2025-11-02 04:46:16.396451+00:00
predict_supplier_risk,"{""supplier_id"": ""S_00046"", ""score"": 0.98, ""label"": ""high"", ""modifier"": 0.2}",2025-11-02 04:46:16.978883+00:00
predict_supplier_risk,"{""supplier_id"": ""S_00045"", ""score"": 0.24666666666666665, ""label"": ""low"", ""modifier"": 0.08}",2025-11-02 04:46:17.494365+00:00
demo_pipeline_artifacts_saved,"{""records"": 100, ""weekly_records"": 100, ""numeric_features"": [""annual_revenue"", ""annual_spend"", ""avg_payment_delay_days"", ""contract_value"", ""contract_duration_months"", ""past_disputes"", ""delivery_score"", ""financial_stability_index"", ""relationship_years"", ""txn_count"", ""avg_txn_amount"", ""avg_delay"", ""late_ratio"", ""dispute_rate"", ""avg_delivery_quality"", ""clause_risk_score""]}",2025-11-02 04:46:17.826658+00:00
demo_pipeline_completed,"{""suppliers"": 100, ""transactions"": 500, ""class_labels"": [""high"", ""low"", ""medium""], ""auc_macro"": 0.8834690799396682}",2025-11-02 04:46:18.194456+00:00
data_lineage,"{""table"": ""processed_training"", ""source_files"": [""C:\\Users\\DABC\\Desktop\\ai_procurment_manager\\risk_prediction_system_production_demo\\data\\processed\\merged_training.csv""]}",2025-11-02 05:41:31.537799+00:00
data_lineage,"{""table"": ""weekly_scoring"", ""source_files"": [""C:\\Users\\DABC\\Desktop\\ai_procurment_manager\\risk_prediction_system_production_demo\\data\\processed\\new_data_weekly.csv""]}",2025-11-02 05:41:31.714831+00:00
data_quality,"{""max_null_ratio"": {""supplier_id"": 0.0, ""company_name"": 0.0, ""region"": 0.0, ""industry"": 0.0, ""annual_revenue"": 0.0, ""annual_spend"": 0.0, ""avg_payment_delay_days"": 0.0, ""contract_value"": 0.0, ""contract_duration_months"": 0.0, ""past_disputes"": 0.0, ""delivery_score"": 0.0, ""financial_stability_index"": 0.0, ""relationship_years"": 0.0, ""contract_criticality"": 0.0, ""credit_score"": 0.0, ""created_ts"": 0.0, ""txn_count"": 0.0, ""avg_txn_amount"": 0.0, ""avg_delay"": 0.0, ""late_ratio"": 0.0, ""dispute_rate"": 0.0, ""avg_delivery_quality"": 0.0, ""contract_text"": 0.0, ""clause_risk_score"": 0.0, ""risk_score"": 0.0, ""risk_label"": 0.0}, ""rules"": {""max_null_ratio"": 0.15, ""acceptable_regions"": [""North America"", ""Europe"", ""Asia-Pacific"", ""LATAM""]}, ""passed"": true}",2025-11-02 05:41:31.871740+00:00
training_dataset_prepared,"{""rows"": 100, ""feature_columns"": [""region"", ""industry"", ""contract_criticality"", ""annual_spend"", ""credit_score"", ""late_ratio"", ""dispute_rate"", ""avg_delay"", ""clause_risk_score""]}",2025-11-02 05:41:32.016578+00:00
model_trained,"{""model"": ""random_forest"", ""best_params"": {""bootstrap"": true, ""ccp_alpha"": 0.0, ""class_weight"": null, ""criterion"": ""gini"", ""max_depth"": null, ""max_features"": ""sqrt"", ""max_leaf_nodes"": null, ""max_samples"": null, ""min_impurity_decrease"": 0.0, ""min_samples_leaf"": 1, ""min_samples_split"": 2, ""min_weight_fraction_leaf"": 0.0, ""monotonic_cst"": null, ""n_estimators"": 300, ""n_jobs"": null, ""oob_score"": false, ""random_state"": 42, ""verbose"": 0, ""warm_start"": false}, ""macro_f1"": 0.4551282051282051}",2025-11-02 05:41:49.440379+00:00
predict_single,"{""model"": ""random_forest"", ""prediction"": ""high"", ""prob_high"": 0.8666666666666667}",2025-11-02 05:42:03.166465+00:00
predict_supplier_risk,"{""supplier_id"": ""S_05119"", ""score"": 0.08, ""label"": ""low"", ""modifier"": 0.08}",2025-11-02 09:16:03.438379+00:00
predict_supplier_risk,"{""supplier_id"": ""S_08932"", ""score"": 0.08, ""label"": ""low"", ""modifier"": 0.08}",2025-11-02 09:16:03.963522+00:00
predict_supplier_risk,"{""supplier_id"": ""S_08516"", ""score"": 0.1, ""label"": ""low"", ""modifier"": 0.08}",2025-11-02 09:16:04.336674+00:00
predict_supplier_risk,"{""supplier_id"": ""S_07283"", ""score"": 0.02, ""label"": ""low"", ""modifier"": 0.0}",2025-11-02 09:16:04.708772+00:00
predict_supplier_risk,"{""supplier_id"": ""S_07624"", ""score"": 0.18666666666666665, ""label"": ""low"", ""modifier"": 0.12}",2025-11-02 09:16:05.031905+00:00
demo_pipeline_artifacts_saved,"{""records"": 10500, ""weekly_records"": 10500, ""numeric_features"": [""annual_revenue"", ""annual_spend"", ""avg_payment_delay_days"", ""contract_value"", ""contract_duration_months"", ""past_disputes"", ""delivery_score"", ""financial_stability_index"", ""relationship_years"", ""txn_count"", ""avg_txn_amount"", ""avg_delay"", ""late_ratio"", ""dispute_rate"", ""avg_delivery_quality"", ""clause_risk_score""]}",2025-11-02 09:16:05.399764+00:00
demo_pipeline_completed,"{""suppliers"": 10500, ""transactions"": 5000, ""class_labels"": [""high"", ""low"", ""medium""], ""auc_macro"": 0.9993826024041418}",2025-11-02 09:16:05.744334+00:00
explainability_narrative,"{""risk_level"": ""high"", ""confidence"": 57.0, ""top_features"": [[""numeric__credit_score"", 0.1121], [""numeric__dispute_rate"", 0.0638], [""categorical__industry_IT Services"", -0.0523], [""numeric__clause_risk_score"", 0.0516], [""numeric__annual_spend"", -0.046]], ""prompt_length"": 556}",2025-11-02 10:02:33.729106+00:00
explainability_narrative,"{""risk_level"": ""high"", ""confidence"": 57.0, ""top_features"": [[""numeric__credit_score"", 0.1121], [""numeric__dispute_rate"", 0.0638], [""categorical__industry_IT Services"", -0.0523], [""numeric__clause_risk_score"", 0.0516], [""numeric__annual_spend"", -0.046]], ""prompt_length"": 556}",2025-11-02 10:06:03.743547+00:00
data_lineage,"{""table"": ""processed_training"", ""source_files"": [""C:\\Users\\DABC\\Desktop\\ai_procurment_manager\\risk_prediction_system_production_demo\\data\\processed\\merged_training.csv""]}",2025-11-02 10:22:21.285403+00:00
data_lineage,"{""table"": ""weekly_scoring"", ""source_files"": [""C:\\Users\\DABC\\Desktop\\ai_procurment_manager\\risk_prediction_system_production_demo\\data\\processed\\new_data_weekly.csv""]}",2025-11-02 10:22:21.855315+00:00
data_quality,"{""max_null_ratio"": {""supplier_id"": 0.0, ""company_name"": 0.0, ""region"": 0.0, ""industry"": 0.0, ""annual_revenue"": 0.0, ""annual_spend"": 0.0, ""avg_payment_delay_days"": 0.0, ""contract_value"": 0.0, ""contract_duration_months"": 0.0, ""past_disputes"": 0.0, ""delivery_score"": 0.0, ""financial_stability_index"": 0.0, ""relationship_years"": 0.0, ""contract_criticality"": 0.0, ""credit_score"": 0.0, ""created_ts"": 0.0, ""txn_count"": 0.0, ""avg_txn_amount"": 0.0, ""avg_delay"": 0.0, ""late_ratio"": 0.0, ""dispute_rate"": 0.0, ""avg_delivery_quality"": 0.0, ""contract_text"": 0.0, ""clause_risk_score"": 0.0, ""risk_score"": 0.0, ""risk_label"": 0.0}, ""rules"": {""max_null_ratio"": 0.15, ""acceptable_regions"": [""North America"", ""Europe"", ""Asia-Pacific"", ""LATAM""]}, ""passed"": true}",2025-11-02 10:22:37.761442+00:00
pipeline_execution,"{""stage"": ""data_quality_check"", ""rows"": 10500, ""columns"": 26}",2025-11-02 10:22:38.055341+00:00
data_quality,"{""max_null_ratio"": {""supplier_id"": 0.0, ""company_name"": 0.0, ""region"": 0.0, ""industry"": 0.0, ""annual_revenue"": 0.0, ""annual_spend"": 0.0, ""avg_payment_delay_days"": 0.0, ""contract_value"": 0.0, ""contract_duration_months"": 0.0, ""past_disputes"": 0.0, ""delivery_score"": 0.0, ""financial_stability_index"": 0.0, ""relationship_years"": 0.0, ""contract_criticality"": 0.0, ""credit_score"": 0.0, ""created_ts"": 0.0, ""txn_count"": 0.0, ""avg_txn_amount"": 0.0, ""avg_delay"": 0.0, ""late_ratio"": 0.0, ""dispute_rate"": 0.0, ""avg_delivery_quality"": 0.0, ""contract_text"": 0.0, ""clause_risk_score"": 0.0, ""risk_score"": 0.0, ""risk_label"": 0.0}, ""rules"": {""max_null_ratio"": 0.15, ""acceptable_regions"": [""North America"", ""Europe"", ""Asia-Pacific"", ""LATAM""]}, ""passed"": true}",2025-11-02 10:24:00.725229+00:00
pipeline_execution,"{""stage"": ""data_quality_check"", ""rows"": 10500, ""columns"": 26}",2025-11-02 10:24:01.190318+00:00
data_lineage,"{""table"": ""processed_training"", ""source_files"": [""C:\\Users\\DABC\\Desktop\\ai_procurment_manager\\risk_prediction_system_production_demo\\data\\processed\\merged_training.csv""]}",2025-11-02 10:24:10.872287+00:00
data_lineage,"{""table"": ""weekly_scoring"", ""source_files"": [""C:\\Users\\DABC\\Desktop\\ai_procurment_manager\\risk_prediction_system_production_demo\\data\\processed\\new_data_weekly.csv""]}",2025-11-02 10:24:11.344545+00:00
data_quality,"{""max_null_ratio"": {""supplier_id"": 0.0, ""company_name"": 0.0, ""region"": 0.0, ""industry"": 0.0, ""annual_revenue"": 0.0, ""annual_spend"": 0.0, ""avg_payment_delay_days"": 0.0, ""contract_value"": 0.0, ""contract_duration_months"": 0.0, ""past_disputes"": 0.0, ""delivery_score"": 0.0, ""financial_stability_index"": 0.0, ""relationship_years"": 0.0, ""contract_criticality"": 0.0, ""credit_score"": 0.0, ""created_ts"": 0.0, ""txn_count"": 0.0, ""avg_txn_amount"": 0.0, ""avg_delay"": 0.0, ""late_ratio"": 0.0, ""dispute_rate"": 0.0, ""avg_delivery_quality"": 0.0, ""contract_text"": 0.0, ""clause_risk_score"": 0.0, ""risk_score"": 0.0, ""risk_label"": 0.0}, ""rules"": {""max_null_ratio"": 0.15, ""acceptable_regions"": [""North America"", ""Europe"", ""Asia-Pacific"", ""LATAM""]}, ""passed"": true}",2025-11-02 10:24:11.781278+00:00
training_dataset_prepared,"{""rows"": 10500, ""feature_columns"": [""region"", ""industry"", ""contract_criticality"", ""annual_spend"", ""credit_score"", ""late_ratio"", ""dispute_rate"", ""avg_delay"", ""clause_risk_score""]}",2025-11-02 10:24:12.151680+00:00
data_lineage,"{""table"": ""processed_training"", ""source_files"": [""C:\\Users\\DABC\\Desktop\\ai_procurment_manager\\risk_prediction_system_production_demo\\data\\processed\\merged_training.csv""]}",2025-11-02 10:24:37.318963+00:00
data_lineage,"{""table"": ""weekly_scoring"", ""source_files"": [""C:\\Users\\DABC\\Desktop\\ai_procurment_manager\\risk_prediction_system_production_demo\\data\\processed\\new_data_weekly.csv""]}",2025-11-02 10:24:37.599073+00:00
data_quality,"{""max_null_ratio"": {""supplier_id"": 0.0, ""company_name"": 0.0, ""region"": 0.0, ""industry"": 0.0, ""annual_revenue"": 0.0, ""annual_spend"": 0.0, ""avg_payment_delay_days"": 0.0, ""contract_value"": 0.0, ""contract_duration_months"": 0.0, ""past_disputes"": 0.0, ""delivery_score"": 0.0, ""financial_stability_index"": 0.0, ""relationship_years"": 0.0, ""contract_criticality"": 0.0, ""credit_score"": 0.0, ""created_ts"": 0.0, ""txn_count"": 0.0, ""avg_txn_amount"": 0.0, ""avg_delay"": 0.0, ""late_ratio"": 0.0, ""dispute_rate"": 0.0, ""avg_delivery_quality"": 0.0, ""contract_text"": 0.0, ""clause_risk_score"": 0.0, ""risk_score"": 0.0, ""risk_label"": 0.0}, ""rules"": {""max_null_ratio"": 0.15, ""acceptable_regions"": [""North America"", ""Europe"", ""Asia-Pacific"", ""LATAM""]}, ""passed"": true}",2025-11-02 10:24:38.066431+00:00
training_dataset_prepared,"{""rows"": 10500, ""feature_columns"": [""region"", ""industry"", ""contract_criticality"", ""annual_spend"", ""credit_score"", ""late_ratio"", ""dispute_rate"", ""avg_delay"", ""clause_risk_score""]}",2025-11-02 10:24:38.595024+00:00
model_trained,"{""model"": ""random_forest"", ""best_params"": {""bootstrap"": true, ""ccp_alpha"": 0.0, ""class_weight"": null, ""criterion"": ""gini"", ""max_depth"": 10, ""max_features"": ""sqrt"", ""max_leaf_nodes"": null, ""max_samples"": null, ""min_impurity_decrease"": 0.0, ""min_samples_leaf"": 1, ""min_samples_split"": 2, ""min_weight_fraction_leaf"": 0.0, ""monotonic_cst"": null, ""n_estimators"": 300, ""n_jobs"": null, ""oob_score"": false, ""random_state"": 42, ""verbose"": 0, ""warm_start"": false}, ""macro_f1"": 0.6266885220100604}",2025-11-02 10:25:22.328022+00:00
data_lineage,"{""table"": ""processed_training"", ""source_files"": [""C:\\Users\\DABC\\Desktop\\ai_procurment_manager\\risk_prediction_system_production_demo\\data\\processed\\merged_training.csv""]}",2025-11-02 10:57:13.212031+00:00
data_lineage,"{""table"": ""weekly_scoring"", ""source_files"": [""C:\\Users\\DABC\\Desktop\\ai_procurment_manager\\risk_prediction_system_production_demo\\data\\processed\\new_data_weekly.csv""]}",2025-11-02 10:57:14.023048+00:00
data_quality,"{""max_null_ratio"": {""supplier_id"": 0.0, ""company_name"": 0.0, ""region"": 0.0, ""industry"": 0.0, ""annual_revenue"": 0.0, ""annual_spend"": 0.0, ""avg_payment_delay_days"": 0.0, ""contract_value"": 0.0, ""contract_duration_months"": 0.0, ""past_disputes"": 0.0, ""delivery_score"": 0.0, ""financial_stability_index"": 0.0, ""relationship_years"": 0.0, ""contract_criticality"": 0.0, ""credit_score"": 0.0, ""created_ts"": 0.0, ""txn_count"": 0.0, ""avg_txn_amount"": 0.0, ""avg_delay"": 0.0, ""late_ratio"": 0.0, ""dispute_rate"": 0.0, ""avg_delivery_quality"": 0.0, ""contract_text"": 0.0, ""clause_risk_score"": 0.0, ""risk_score"": 0.0, ""risk_label"": 0.0}, ""rules"": {""max_null_ratio"": 0.15, ""acceptable_regions"": [""North America"", ""Europe"", ""Asia-Pacific"", ""LATAM""]}, ""passed"": true}",2025-11-02 10:57:14.784496+00:00
pipeline_execution,"{""stage"": ""data_quality_check"", ""rows"": 10500, ""columns"": 26}",2025-11-02 10:57:15.199489+00:00
data_lineage,"{""table"": ""processed_training"", ""source_files"": [""C:\\Users\\DABC\\Desktop\\ai_procurment_manager\\risk_prediction_system_production_demo\\data\\processed\\merged_training.csv""]}",2025-11-02 10:57:16.086875+00:00
data_lineage,"{""table"": ""weekly_scoring"", ""source_files"": [""C:\\Users\\DABC\\Desktop\\ai_procurment_manager\\risk_prediction_system_production_demo\\data\\processed\\new_data_weekly.csv""]}",2025-11-02 10:57:16.533669+00:00
data_quality,"{""max_null_ratio"": {""supplier_id"": 0.0, ""company_name"": 0.0, ""region"": 0.0, ""industry"": 0.0, ""annual_revenue"": 0.0, ""annual_spend"": 0.0, ""avg_payment_delay_days"": 0.0, ""contract_value"": 0.0, ""contract_duration_months"": 0.0, ""past_disputes"": 0.0, ""delivery_score"": 0.0, ""financial_stability_index"": 0.0, ""relationship_years"": 0.0, ""contract_criticality"": 0.0, ""credit_score"": 0.0, ""created_ts"": 0.0, ""txn_count"": 0.0, ""avg_txn_amount"": 0.0, ""avg_delay"": 0.0, ""late_ratio"": 0.0, ""dispute_rate"": 0.0, ""avg_delivery_quality"": 0.0, ""contract_text"": 0.0, ""clause_risk_score"": 0.0, ""risk_score"": 0.0, ""risk_label"": 0.0}, ""rules"": {""max_null_ratio"": 0.15, ""acceptable_regions"": [""North America"", ""Europe"", ""Asia-Pacific"", ""LATAM""]}, ""passed"": true}",2025-11-02 10:57:17.693336+00:00
training_dataset_prepared,"{""rows"": 10500, ""feature_columns"": [""region"", ""industry"", ""contract_criticality"", ""annual_spend"", ""credit_score"", ""late_ratio"", ""dispute_rate"", ""avg_delay"", ""clause_risk_score""]}",2025-11-02 10:57:18.104901+00:00
model_trained,"{""model"": ""random_forest"", ""best_params"": {""bootstrap"": true, ""ccp_alpha"": 0.0, ""class_weight"": null, ""criterion"": ""gini"", ""max_depth"": 10, ""max_features"": ""sqrt"", ""max_leaf_nodes"": null, ""max_samples"": null, ""min_impurity_decrease"": 0.0, ""min_samples_leaf"": 1, ""min_samples_split"": 2, ""min_weight_fraction_leaf"": 0.0, ""monotonic_cst"": null, ""n_estimators"": 300, ""n_jobs"": null, ""oob_score"": false, ""random_state"": 42, ""verbose"": 0, ""warm_start"": false}, ""macro_f1"": 0.6266885220100604}",2025-11-02 10:58:03.667166+00:00
predict_single,"{""model"": ""random_forest"", ""prediction"": ""medium"", ""prob_high"": 0.30384728950620793}",2025-11-02 10:58:04.459083+00:00
explainability_narrative,"{""risk_level"": ""medium"", ""confidence"": 36.74, ""top_features"": [[""categorical__region_Asia-Pacific"", 0.0], [""categorical__region_Europe"", 0.0], [""categorical__region_LATAM"", 0.0], [""categorical__region_North America"", 0.0], [""categorical__industry_Biotech"", 0.0]], ""prompt_length"": 565}",2025-11-02 10:58:46.818929+00:00
complete_pipeline_execution,"{""supplier_id"": ""DEMO_001"", ""prediction"": ""medium"", ""confidence"": 36.74, ""top_features"": [""categorical__region_Asia-Pacific"", ""categorical__region_Europe"", ""categorical__region_LATAM""], ""recommendations_count"": 1, ""visualizations_generated"": 4}",2025-11-02 10:58:53.585821+00:00
data_lineage,"{""table"": ""processed_training"", ""source_files"": [""C:\\Users\\DABC\\Desktop\\ai_procurment_manager\\risk_prediction_system_production_demo\\data\\processed\\merged_training.csv""]}",2025-11-02 11:04:50.439107+00:00
data_lineage,"{""table"": ""weekly_scoring"", ""source_files"": [""C:\\Users\\DABC\\Desktop\\ai_procurment_manager\\risk_prediction_system_production_demo\\data\\processed\\new_data_weekly.csv""]}",2025-11-02 11:04:50.799766+00:00
data_quality,"{""max_null_ratio"": {""supplier_id"": 0.0, ""company_name"": 0.0, ""region"": 0.0, ""industry"": 0.0, ""annual_revenue"": 0.0, ""annual_spend"": 0.0, ""avg_payment_delay_days"": 0.0, ""contract_value"": 0.0, ""contract_duration_months"": 0.0, ""past_disputes"": 0.0, ""delivery_score"": 0.0, ""financial_stability_index"": 0.0, ""relationship_years"": 0.0, ""contract_criticality"": 0.0, ""credit_score"": 0.0, ""created_ts"": 0.0, ""txn_count"": 0.0, ""avg_txn_amount"": 0.0, ""avg_delay"": 0.0, ""late_ratio"": 0.0, ""dispute_rate"": 0.0, ""avg_delivery_quality"": 0.0, ""contract_text"": 0.0, ""clause_risk_score"": 0.0, ""risk_score"": 0.0, ""risk_label"": 0.0}, ""rules"": {""max_null_ratio"": 0.15, ""acceptable_regions"": [""North America"", ""Europe"", ""Asia-Pacific"", ""LATAM""]}, ""passed"": true}",2025-11-02 11:04:51.161885+00:00
pipeline_execution,"{""stage"": ""data_quality_check"", ""rows"": 10500, ""columns"": 26}",2025-11-02 11:04:51.481301+00:00
data_lineage,"{""table"": ""processed_training"", ""source_files"": [""C:\\Users\\DABC\\Desktop\\ai_procurment_manager\\risk_prediction_system_production_demo\\data\\processed\\merged_training.csv""]}",2025-11-02 11:04:52.068631+00:00
data_lineage,"{""table"": ""weekly_scoring"", ""source_files"": [""C:\\Users\\DABC\\Desktop\\ai_procurment_manager\\risk_prediction_system_production_demo\\data\\processed\\new_data_weekly.csv""]}",2025-11-02 11:04:52.339643+00:00
data_quality,"{""max_null_ratio"": {""supplier_id"": 0.0, ""company_name"": 0.0, ""region"": 0.0, ""industry"": 0.0, ""annual_revenue"": 0.0, ""annual_spend"": 0.0, ""avg_payment_delay_days"": 0.0, ""contract_value"": 0.0, ""contract_duration_months"": 0.0, ""past_disputes"": 0.0, ""delivery_score"": 0.0, ""financial_stability_index"": 0.0, ""relationship_years"": 0.0, ""contract_criticality"": 0.0, ""credit_score"": 0.0, ""created_ts"": 0.0, ""txn_count"": 0.0, ""avg_txn_amount"": 0.0, ""avg_delay"": 0.0, ""late_ratio"": 0.0, ""dispute_rate"": 0.0, ""avg_delivery_quality"": 0.0, ""contract_text"": 0.0, ""clause_risk_score"": 0.0, ""risk_score"": 0.0, ""risk_label"": 0.0}, ""rules"": {""max_null_ratio"": 0.15, ""acceptable_regions"": [""North America"", ""Europe"", ""Asia-Pacific"", ""LATAM""]}, ""passed"": true}",2025-11-02 11:04:53.121888+00:00
training_dataset_prepared,"{""rows"": 10500, ""feature_columns"": [""region"", ""industry"", ""contract_criticality"", ""annual_spend"", ""credit_score"", ""late_ratio"", ""dispute_rate"", ""avg_delay"", ""clause_risk_score""]}",2025-11-02 11:04:53.453301+00:00
model_trained,"{""model"": ""random_forest"", ""best_params"": {""bootstrap"": true, ""ccp_alpha"": 0.0, ""class_weight"": null, ""criterion"": ""gini"", ""max_depth"": 10, ""max_features"": ""sqrt"", ""max_leaf_nodes"": null, ""max_samples"": null, ""min_impurity_decrease"": 0.0, ""min_samples_leaf"": 1, ""min_samples_split"": 2, ""min_weight_fraction_leaf"": 0.0, ""monotonic_cst"": null, ""n_estimators"": 300, ""n_jobs"": null, ""oob_score"": false, ""random_state"": 42, ""verbose"": 0, ""warm_start"": false}, ""macro_f1"": 0.6266885220100604}",2025-11-02 11:05:34.315691+00:00
predict_single,"{""model"": ""random_forest"", ""prediction"": ""medium"", ""prob_high"": 0.30384728950620793}",2025-11-02 11:05:35.247685+00:00
explainability_narrative,"{""risk_level"": ""medium"", ""confidence"": 36.74, ""top_features"": [[""categorical__region_Asia-Pacific"", 0.0], [""categorical__region_Europe"", 0.0], [""categorical__region_LATAM"", 0.0], [""categorical__region_North America"", 0.0], [""categorical__industry_Biotech"", 0.0]], ""prompt_length"": 565}",2025-11-02 11:06:00.736447+00:00
complete_pipeline_execution,"{""supplier_id"": ""DEMO_001"", ""prediction"": ""medium"", ""confidence"": 36.74, ""top_features"": [""categorical__region_Asia-Pacific"", ""categorical__region_Europe"", ""categorical__region_LATAM""], ""recommendations_count"": 1, ""visualizations_generated"": 4}",2025-11-02 11:06:05.276339+00:00
complete_pipeline_execution,"{""supplier_id"": ""DEMO_001"", ""prediction"": ""medium"", ""confidence"": 36.74, ""top_features"": [""categorical__region_Asia-Pacific"", ""categorical__region_Europe"", ""categorical__region_LATAM""], ""recommendations_count"": 1, ""visualizations_generated"": 4}",2025-11-02 11:07:33.856920+00:00
data_lineage,"{""table"": ""processed_training"", ""source_files"": [""C:\\Users\\DABC\\Desktop\\ai_procurment_manager\\risk_prediction_system_production_demo\\data\\processed\\merged_training.csv""]}",2025-11-02 11:16:09.886048+00:00
data_lineage,"{""table"": ""weekly_scoring"", ""source_files"": [""C:\\Users\\DABC\\Desktop\\ai_procurment_manager\\risk_prediction_system_production_demo\\data\\processed\\new_data_weekly.csv""]}",2025-11-02 11:16:10.264606+00:00
data_quality,"{""max_null_ratio"": {""supplier_id"": 0.0, ""company_name"": 0.0, ""region"": 0.0, ""industry"": 0.0, ""annual_revenue"": 0.0, ""annual_spend"": 0.0, ""avg_payment_delay_days"": 0.0, ""contract_value"": 0.0, ""contract_duration_months"": 0.0, ""past_disputes"": 0.0, ""delivery_score"": 0.0, ""financial_stability_index"": 0.0, ""relationship_years"": 0.0, ""contract_criticality"": 0.0, ""credit_score"": 0.0, ""created_ts"": 0.0, ""txn_count"": 0.0, ""avg_txn_amount"": 0.0, ""avg_delay"": 0.0, ""late_ratio"": 0.0, ""dispute_rate"": 0.0, ""avg_delivery_quality"": 0.0, ""contract_text"": 0.0, ""clause_risk_score"": 0.0, ""risk_score"": 0.0, ""risk_label"": 0.0}, ""rules"": {""max_null_ratio"": 0.15, ""acceptable_regions"": [""North America"", ""Europe"", ""Asia-Pacific"", ""LATAM""]}, ""passed"": true}",2025-11-02 11:16:10.816109+00:00
pipeline_execution,"{""stage"": ""data_quality_check"", ""rows"": 10500, ""columns"": 26}",2025-11-02 11:16:11.141459+00:00
data_lineage,"{""table"": ""processed_training"", ""source_files"": [""C:\\Users\\DABC\\Desktop\\ai_procurment_manager\\risk_prediction_system_production_demo\\data\\processed\\merged_training.csv""]}",2025-11-02 11:16:11.753751+00:00
data_lineage,"{""table"": ""weekly_scoring"", ""source_files"": [""C:\\Users\\DABC\\Desktop\\ai_procurment_manager\\risk_prediction_system_production_demo\\data\\processed\\new_data_weekly.csv""]}",2025-11-02 11:16:12.080753+00:00
data_quality,"{""max_null_ratio"": {""supplier_id"": 0.0, ""company_name"": 0.0, ""region"": 0.0, ""industry"": 0.0, ""annual_revenue"": 0.0, ""annual_spend"": 0.0, ""avg_payment_delay_days"": 0.0, ""contract_value"": 0.0, ""contract_duration_months"": 0.0, ""past_disputes"": 0.0, ""delivery_score"": 0.0, ""financial_stability_index"": 0.0, ""relationship_years"": 0.0, ""contract_criticality"": 0.0, ""credit_score"": 0.0, ""created_ts"": 0.0, ""txn_count"": 0.0, ""avg_txn_amount"": 0.0, ""avg_delay"": 0.0, ""late_ratio"": 0.0, ""dispute_rate"": 0.0, ""avg_delivery_quality"": 0.0, ""contract_text"": 0.0, ""clause_risk_score"": 0.0, ""risk_score"": 0.0, ""risk_label"": 0.0}, ""rules"": {""max_null_ratio"": 0.15, ""acceptable_regions"": [""North America"", ""Europe"", ""Asia-Pacific"", ""LATAM""]}, ""passed"": true}",2025-11-02 11:16:13.138656+00:00
training_dataset_prepared,"{""rows"": 10500, ""feature_columns"": [""region"", ""industry"", ""contract_criticality"", ""annual_spend"", ""credit_score"", ""late_ratio"", ""dispute_rate"", ""avg_delay"", ""clause_risk_score""]}",2025-11-02 11:16:14.112655+00:00
model_trained,"{""model"": ""random_forest"", ""best_params"": {""bootstrap"": true, ""ccp_alpha"": 0.0, ""class_weight"": null, ""criterion"": ""gini"", ""max_depth"": 10, ""max_features"": ""sqrt"", ""max_leaf_nodes"": null, ""max_samples"": null, ""min_impurity_decrease"": 0.0, ""min_samples_leaf"": 1, ""min_samples_split"": 2, ""min_weight_fraction_leaf"": 0.0, ""monotonic_cst"": null, ""n_estimators"": 300, ""n_jobs"": null, ""oob_score"": false, ""random_state"": 42, ""verbose"": 0, ""warm_start"": false}, ""macro_f1"": 0.6266885220100604}",2025-11-02 11:17:01.143483+00:00
predict_single,"{""model"": ""random_forest"", ""prediction"": ""medium"", ""prob_high"": 0.30384728950620793}",2025-11-02 11:17:02.041451+00:00
explainability_narrative,"{""risk_level"": ""medium"", ""confidence"": 36.74, ""top_features"": [[""categorical__region_Asia-Pacific"", 0.0], [""categorical__region_Europe"", 0.0], [""categorical__region_LATAM"", 0.0], [""categorical__region_North America"", 0.0], [""categorical__industry_Biotech"", 0.0]], ""prompt_length"": 565}",2025-11-02 11:17:27.462781+00:00
complete_pipeline_execution,"{""supplier_id"": ""DEMO_001"", ""prediction"": ""medium"", ""confidence"": 36.74, ""top_features"": [""categorical__region_Asia-Pacific"", ""categorical__region_Europe"", ""categorical__region_LATAM""], ""recommendations_count"": 1, ""visualizations_generated"": 4}",2025-11-02 11:17:33.002678+00:00
complete_pipeline_execution,"{""supplier_id"": ""DEMO_001"", ""prediction"": ""medium"", ""confidence"": 36.74, ""top_features"": [""categorical__region_Asia-Pacific"", ""categorical__region_Europe"", ""categorical__region_LATAM""], ""recommendations_count"": 1, ""visualizations_generated"": 4}",2025-11-02 11:18:21.614431+00:00
complete_pipeline_execution,"{""supplier_id"": ""DEMO_001"", ""prediction"": ""medium"", ""confidence"": 36.74, ""top_features"": [""categorical__region_Asia-Pacific"", ""categorical__region_Europe"", ""categorical__region_LATAM""], ""recommendations_count"": 1, ""visualizations_generated"": 4}",2025-11-02 11:18:23.735747+00:00
complete_pipeline_execution,"{""supplier_id"": ""DEMO_001"", ""prediction"": ""medium"", ""confidence"": 36.74, ""top_features"": [""categorical__region_Asia-Pacific"", ""categorical__region_Europe"", ""categorical__region_LATAM""], ""recommendations_count"": 1, ""visualizations_generated"": 4}",2025-11-02 11:19:47.152653+00:00
data_lineage,"{""table"": ""processed_training"", ""source_files"": [""C:\\Users\\DABC\\Desktop\\ai_procurment_manager\\risk_prediction_system_production_demo\\data\\processed\\merged_training.csv""]}",2025-11-02 11:21:01.614075+00:00
data_lineage,"{""table"": ""weekly_scoring"", ""source_files"": [""C:\\Users\\DABC\\Desktop\\ai_procurment_manager\\risk_prediction_system_production_demo\\data\\processed\\new_data_weekly.csv""]}",2025-11-02 11:21:02.083264+00:00
data_quality,"{""max_null_ratio"": {""supplier_id"": 0.0, ""company_name"": 0.0, ""region"": 0.0, ""industry"": 0.0, ""annual_revenue"": 0.0, ""annual_spend"": 0.0, ""avg_payment_delay_days"": 0.0, ""contract_value"": 0.0, ""contract_duration_months"": 0.0, ""past_disputes"": 0.0, ""delivery_score"": 0.0, ""financial_stability_index"": 0.0, ""relationship_years"": 0.0, ""contract_criticality"": 0.0, ""credit_score"": 0.0, ""created_ts"": 0.0, ""txn_count"": 0.0, ""avg_txn_amount"": 0.0, ""avg_delay"": 0.0, ""late_ratio"": 0.0, ""dispute_rate"": 0.0, ""avg_delivery_quality"": 0.0, ""contract_text"": 0.0, ""clause_risk_score"": 0.0, ""risk_score"": 0.0, ""risk_label"": 0.0}, ""rules"": {""max_null_ratio"": 0.15, ""acceptable_regions"": [""North America"", ""Europe"", ""Asia-Pacific"", ""LATAM""]}, ""passed"": true}",2025-11-02 11:21:02.394347+00:00
pipeline_execution,"{""stage"": ""data_quality_check"", ""rows"": 10500, ""columns"": 26}",2025-11-02 11:21:02.718970+00:00
data_lineage,"{""table"": ""processed_training"", ""source_files"": [""C:\\Users\\DABC\\Desktop\\ai_procurment_manager\\risk_prediction_system_production_demo\\data\\processed\\merged_training.csv""]}",2025-11-02 11:21:03.303321+00:00
data_lineage,"{""table"": ""weekly_scoring"", ""source_files"": [""C:\\Users\\DABC\\Desktop\\ai_procurment_manager\\risk_prediction_system_production_demo\\data\\processed\\new_data_weekly.csv""]}",2025-11-02 11:21:03.592800+00:00
data_quality,"{""max_null_ratio"": {""supplier_id"": 0.0, ""company_name"": 0.0, ""region"": 0.0, ""industry"": 0.0, ""annual_revenue"": 0.0, ""annual_spend"": 0.0, ""avg_payment_delay_days"": 0.0, ""contract_value"": 0.0, ""contract_duration_months"": 0.0, ""past_disputes"": 0.0, ""delivery_score"": 0.0, ""financial_stability_index"": 0.0, ""relationship_years"": 0.0, ""contract_criticality"": 0.0, ""credit_score"": 0.0, ""created_ts"": 0.0, ""txn_count"": 0.0, ""avg_txn_amount"": 0.0, ""avg_delay"": 0.0, ""late_ratio"": 0.0, ""dispute_rate"": 0.0, ""avg_delivery_quality"": 0.0, ""contract_text"": 0.0, ""clause_risk_score"": 0.0, ""risk_score"": 0.0, ""risk_label"": 0.0}, ""rules"": {""max_null_ratio"": 0.15, ""acceptable_regions"": [""North America"", ""Europe"", ""Asia-Pacific"", ""LATAM""]}, ""passed"": true}",2025-11-02 11:21:04.475522+00:00
training_dataset_prepared,"{""rows"": 10500, ""feature_columns"": [""region"", ""industry"", ""contract_criticality"", ""annual_spend"", ""credit_score"", ""late_ratio"", ""dispute_rate"", ""avg_delay"", ""clause_risk_score""]}",2025-11-02 11:21:05.071215+00:00
model_trained,"{""model"": ""random_forest"", ""best_params"": {""bootstrap"": true, ""ccp_alpha"": 0.0, ""class_weight"": null, ""criterion"": ""gini"", ""max_depth"": 10, ""max_features"": ""sqrt"", ""max_leaf_nodes"": null, ""max_samples"": null, ""min_impurity_decrease"": 0.0, ""min_samples_leaf"": 1, ""min_samples_split"": 2, ""min_weight_fraction_leaf"": 0.0, ""monotonic_cst"": null, ""n_estimators"": 300, ""n_jobs"": null, ""oob_score"": false, ""random_state"": 42, ""verbose"": 0, ""warm_start"": false}, ""macro_f1"": 0.6266885220100604}",2025-11-02 11:21:45.797780+00:00
predict_single,"{""model"": ""random_forest"", ""prediction"": ""medium"", ""prob_high"": 0.30384728950620793}",2025-11-02 11:21:46.578193+00:00
explainability_narrative,"{""risk_level"": ""medium"", ""confidence"": 36.74, ""top_features"": [[""categorical__region_Asia-Pacific"", 0.0], [""categorical__region_Europe"", 0.0], [""categorical__region_LATAM"", 0.0], [""categorical__region_North America"", 0.0], [""categorical__industry_Biotech"", 0.0]], ""prompt_length"": 565}",2025-11-02 11:22:14.310235+00:00
complete_pipeline_execution,"{""supplier_id"": ""DEMO_001"", ""prediction"": ""medium"", ""confidence"": 36.74, ""top_features"": [""categorical__region_Asia-Pacific"", ""categorical__region_Europe"", ""categorical__region_LATAM""], ""recommendations_count"": 1, ""visualizations_generated"": 4}",2025-11-02 11:22:17.920552+00:00
complete_pipeline_execution,"{""supplier_id"": ""DEMO_001"", ""prediction"": ""medium"", ""confidence"": 36.74, ""top_features"": [""categorical__region_Asia-Pacific"", ""categorical__region_Europe"", ""categorical__region_LATAM""], ""recommendations_count"": 1, ""visualizations_generated"": 4}",2025-11-02 11:22:38.186959+00:00
complete_pipeline_execution,"{""supplier_id"": ""DEMO_001"", ""prediction"": ""medium"", ""confidence"": 36.74, ""top_features"": [""categorical__region_Asia-Pacific"", ""categorical__region_Europe"", ""categorical__region_LATAM""], ""recommendations_count"": 1, ""visualizations_generated"": 4}",2025-11-02 11:22:41.093635+00:00
